Tier,Category,Pokemon codename,Base,Form,Is mega
Tier 1,RAID_LEVEL_1,BERGMITE,BERGMITE,,False
Tier 1,RAID_LEVEL_1,MAREANIE,MAREANIE,,False
Tier 1,RAID_LEVEL_1,SANDSHREW_ALOLA_FORM,SANDSHREW,ALOLA,False
Tier 1,RAID_LEVEL_1,VULPIX_ALOLA_FORM,VULPIX,ALOLA,False
Tier 1,RAID_LEVEL_1_LEGACY,ABRA,ABRA,,False
Tier 1,RAID_LEVEL_1_LEGACY,AIPOM,AIPOM,,False
Tier 1,RAID_LEVEL_1_LEGACY,AMAURA,AMAURA,,False
Tier 1,RAID_LEVEL_1_LEGACY,ANORITH,ANORITH,,False
Tier 1,RAID_LEVEL_1_LEGACY,ARCHEN,ARCHEN,,False
Tier 1,RAID_LEVEL_1_LEGACY,ARON,ARON,,False
Tier 1,RAID_LEVEL_1_LEGACY,AUDINO,AUDINO,,False
Tier 1,RAID_LEVEL_1_LEGACY,AXEW,AXEW,,False
Tier 1,RAID_LEVEL_1_LEGACY,BAGON,BAGON,,False
Tier 1,RAID_LEVEL_1_LEGACY,BALTOY,BALTOY,,False
Tier 1,RAID_LEVEL_1_LEGACY,BARBOACH,BARBOACH,,False
Tier 1,RAID_LEVEL_1_LEGACY,BAYLEEF,BAYLEEF,,False
Tier 1,RAID_LEVEL_1_LEGACY,BELDUM,BELDUM,,False
Tier 1,RAID_LEVEL_1_LEGACY,BELLSPROUT,BELLSPROUT,,False
Tier 1,RAID_LEVEL_1_LEGACY,BIDOOF,BIDOOF,,False
Tier 1,RAID_LEVEL_1_LEGACY,BINACLE,BINACLE,,False
Tier 1,RAID_LEVEL_1_LEGACY,BLITZLE,BLITZLE,,False
Tier 1,RAID_LEVEL_1_LEGACY,BOUNSWEET,BOUNSWEET,,False
Tier 1,RAID_LEVEL_1_LEGACY,BRONZOR,BRONZOR,,False
Tier 1,RAID_LEVEL_1_LEGACY,BUIZEL,BUIZEL,,False
Tier 1,RAID_LEVEL_1_LEGACY,BULBASAUR,BULBASAUR,,False
Tier 1,RAID_LEVEL_1_LEGACY,BUNEARY,BUNEARY,,False
Tier 1,RAID_LEVEL_1_LEGACY,BUNNELBY,BUNNELBY,,False
Tier 1,RAID_LEVEL_1_LEGACY,BURMY,BURMY,,False
Tier 1,RAID_LEVEL_1_LEGACY,CACNEA,CACNEA,,False
Tier 1,RAID_LEVEL_1_LEGACY,CARVANHA,CARVANHA,,False
Tier 1,RAID_LEVEL_1_LEGACY,CETODDLE,CETODDLE,,False
Tier 1,RAID_LEVEL_1_LEGACY,CHANSEY,CHANSEY,,False
Tier 1,RAID_LEVEL_1_LEGACY,CHARMANDER,CHARMANDER,,False
Tier 1,RAID_LEVEL_1_LEGACY,CHARMELEON,CHARMELEON,,False
Tier 1,RAID_LEVEL_1_LEGACY,CHESPIN,CHESPIN,,False
Tier 1,RAID_LEVEL_1_LEGACY,CHIKORITA,CHIKORITA,,False
Tier 1,RAID_LEVEL_1_LEGACY,CHIMCHAR,CHIMCHAR,,False
Tier 1,RAID_LEVEL_1_LEGACY,CHIMECHO,CHIMECHO,,False
Tier 1,RAID_LEVEL_1_LEGACY,CHINCHOU,CHINCHOU,,False
Tier 1,RAID_LEVEL_1_LEGACY,CLAMPERL,CLAMPERL,,False
Tier 1,RAID_LEVEL_1_LEGACY,CLAUNCHER,CLAUNCHER,,False
Tier 1,RAID_LEVEL_1_LEGACY,CLEFAIRY,CLEFAIRY,,False
Tier 1,RAID_LEVEL_1_LEGACY,COTTONEE,COTTONEE,,False
Tier 1,RAID_LEVEL_1_LEGACY,CRABRAWLER,CRABRAWLER,,False
Tier 1,RAID_LEVEL_1_LEGACY,CRANIDOS,CRANIDOS,,False
Tier 1,RAID_LEVEL_1_LEGACY,CROAGUNK,CROAGUNK,,False
Tier 1,RAID_LEVEL_1_LEGACY,CROCONAW,CROCONAW,,False
Tier 1,RAID_LEVEL_1_LEGACY,CUBCHOO,CUBCHOO,,False
Tier 1,RAID_LEVEL_1_LEGACY,CUBONE,CUBONE,,False
Tier 1,RAID_LEVEL_1_LEGACY,CUTIEFLY,CUTIEFLY,,False
Tier 1,RAID_LEVEL_1_LEGACY,CYNDAQUIL,CYNDAQUIL,,False
Tier 1,RAID_LEVEL_1_LEGACY,DARUMAKA,DARUMAKA,,False
Tier 1,RAID_LEVEL_1_LEGACY,DARUMAKA_GALARIAN_FORM,DARUMAKA,GALARIAN,False
Tier 1,RAID_LEVEL_1_LEGACY,DEDENNE,DEDENNE,,False
Tier 1,RAID_LEVEL_1_LEGACY,DEINO,DEINO,,False
Tier 1,RAID_LEVEL_1_LEGACY,DIGLETT,DIGLETT,,False
Tier 1,RAID_LEVEL_1_LEGACY,DIGLETT_ALOLA_FORM,DIGLETT,ALOLA,False
Tier 1,RAID_LEVEL_1_LEGACY,DODUO,DODUO,,False
Tier 1,RAID_LEVEL_1_LEGACY,DRATINI,DRATINI,,False
Tier 1,RAID_LEVEL_1_LEGACY,DRIFBLIM,DRIFBLIM,,False
Tier 1,RAID_LEVEL_1_LEGACY,DRIFLOON,DRIFLOON,,False
Tier 1,RAID_LEVEL_1_LEGACY,DRILBUR,DRILBUR,,False
Tier 1,RAID_LEVEL_1_LEGACY,DROWZEE,DROWZEE,,False
Tier 1,RAID_LEVEL_1_LEGACY,DUCKLETT,DUCKLETT,,False
Tier 1,RAID_LEVEL_1_LEGACY,DUSKULL,DUSKULL,,False
Tier 1,RAID_LEVEL_1_LEGACY,DWEBBLE,DWEBBLE,,False
Tier 1,RAID_LEVEL_1_LEGACY,EEVEE,EEVEE,,False
Tier 1,RAID_LEVEL_1_LEGACY,EKANS,EKANS,,False
Tier 1,RAID_LEVEL_1_LEGACY,ELECTABUZZ,ELECTABUZZ,,False
Tier 1,RAID_LEVEL_1_LEGACY,ELECTRIKE,ELECTRIKE,,False
Tier 1,RAID_LEVEL_1_LEGACY,ELGYEM,ELGYEM,,False
Tier 1,RAID_LEVEL_1_LEGACY,EMOLGA,EMOLGA,,False
Tier 1,RAID_LEVEL_1_LEGACY,ESPURR,ESPURR,,False
Tier 1,RAID_LEVEL_1_LEGACY,EXEGGCUTE,EXEGGCUTE,,False
Tier 1,RAID_LEVEL_1_LEGACY,FARFETCHD_GALARIAN_FORM,FARFETCHD,GALARIAN,False
Tier 1,RAID_LEVEL_1_LEGACY,FEEBAS,FEEBAS,,False
Tier 1,RAID_LEVEL_1_LEGACY,FENNEKIN,FENNEKIN,,False
Tier 1,RAID_LEVEL_1_LEGACY,FERROSEED,FERROSEED,,False
Tier 1,RAID_LEVEL_1_LEGACY,FLETCHLING,FLETCHLING,,False
Tier 1,RAID_LEVEL_1_LEGACY,FLOATZEL,FLOATZEL,,False
Tier 1,RAID_LEVEL_1_LEGACY,FOMANTIS,FOMANTIS,,False
Tier 1,RAID_LEVEL_1_LEGACY,FOONGUS,FOONGUS,,False
Tier 1,RAID_LEVEL_1_LEGACY,FRILLISH,FRILLISH,,False
Tier 1,RAID_LEVEL_1_LEGACY,FRILLISH_FEMALE_FORM,FRILLISH,FEMALE,False
Tier 1,RAID_LEVEL_1_LEGACY,FROAKIE,FROAKIE,,False
Tier 1,RAID_LEVEL_1_LEGACY,FURFROU,FURFROU,,False
Tier 1,RAID_LEVEL_1_LEGACY,FURFROU_NATURAL_FORM,FURFROU,NATURAL,False
Tier 1,RAID_LEVEL_1_LEGACY,GASTLY,GASTLY,,False
Tier 1,RAID_LEVEL_1_LEGACY,GEODUDE,GEODUDE,,False
Tier 1,RAID_LEVEL_1_LEGACY,GEODUDE_ALOLA_FORM,GEODUDE,ALOLA,False
Tier 1,RAID_LEVEL_1_LEGACY,GIBLE,GIBLE,,False
Tier 1,RAID_LEVEL_1_LEGACY,GIRAFARIG,GIRAFARIG,,False
Tier 1,RAID_LEVEL_1_LEGACY,GLIGAR,GLIGAR,,False
Tier 1,RAID_LEVEL_1_LEGACY,GOLETT,GOLETT,,False
Tier 1,RAID_LEVEL_1_LEGACY,GOOMY,GOOMY,,False
Tier 1,RAID_LEVEL_1_LEGACY,GOTHITA,GOTHITA,,False
Tier 1,RAID_LEVEL_1_LEGACY,GRIMER,GRIMER,,False
Tier 1,RAID_LEVEL_1_LEGACY,GRIMER_ALOLA_FORM,GRIMER,ALOLA,False
Tier 1,RAID_LEVEL_1_LEGACY,GROWLITHE,GROWLITHE,,False
Tier 1,RAID_LEVEL_1_LEGACY,GROWLITHE_HISUIAN_FORM,GROWLITHE,HISUIAN,False
Tier 1,RAID_LEVEL_1_LEGACY,GRUBBIN,GRUBBIN,,False
Tier 1,RAID_LEVEL_1_LEGACY,GULPIN,GULPIN,,False
Tier 1,RAID_LEVEL_1_LEGACY,HELIOPTILE,HELIOPTILE,,False
Tier 1,RAID_LEVEL_1_LEGACY,HIPPOPOTAS,HIPPOPOTAS,,False
Tier 1,RAID_LEVEL_1_LEGACY,HITMONCHAN,HITMONCHAN,,False
Tier 1,RAID_LEVEL_1_LEGACY,HITMONLEE,HITMONLEE,,False
Tier 1,RAID_LEVEL_1_LEGACY,HITMONTOP,HITMONTOP,,False
Tier 1,RAID_LEVEL_1_LEGACY,HOOTHOOT,HOOTHOOT,,False
Tier 1,RAID_LEVEL_1_LEGACY,HOPPIP,HOPPIP,,False
Tier 1,RAID_LEVEL_1_LEGACY,HORSEA,HORSEA,,False
Tier 1,RAID_LEVEL_1_LEGACY,HOUNDOUR,HOUNDOUR,,False
Tier 1,RAID_LEVEL_1_LEGACY,ILLUMISE,ILLUMISE,,False
Tier 1,RAID_LEVEL_1_LEGACY,INKAY,INKAY,,False
Tier 1,RAID_LEVEL_1_LEGACY,IVYSAUR,IVYSAUR,,False
Tier 1,RAID_LEVEL_1_LEGACY,JANGMO_O,JANGMO_O,,False
Tier 1,RAID_LEVEL_1_LEGACY,JIGGLYPUFF,JIGGLYPUFF,,False
Tier 1,RAID_LEVEL_1_LEGACY,JOLTIK,JOLTIK,,False
Tier 1,RAID_LEVEL_1_LEGACY,KABUTO,KABUTO,,False
Tier 1,RAID_LEVEL_1_LEGACY,KINGLER,KINGLER,,False
Tier 1,RAID_LEVEL_1_LEGACY,KLINK,KLINK,,False
Tier 1,RAID_LEVEL_1_LEGACY,KOFFING,KOFFING,,False
Tier 1,RAID_LEVEL_1_LEGACY,KRABBY,KRABBY,,False
Tier 1,RAID_LEVEL_1_LEGACY,KRICKETOT,KRICKETOT,,False
Tier 1,RAID_LEVEL_1_LEGACY,LARVITAR,LARVITAR,,False
Tier 1,RAID_LEVEL_1_LEGACY,LECHONK,LECHONK,,False
Tier 1,RAID_LEVEL_1_LEGACY,LEDYBA,LEDYBA,,False
Tier 1,RAID_LEVEL_1_LEGACY,LILEEP,LILEEP,,False
Tier 1,RAID_LEVEL_1_LEGACY,LITLEO,LITLEO,,False
Tier 1,RAID_LEVEL_1_LEGACY,LITWICK,LITWICK,,False
Tier 1,RAID_LEVEL_1_LEGACY,LOTAD,LOTAD,,False
Tier 1,RAID_LEVEL_1_LEGACY,LUNATONE,LUNATONE,,False
Tier 1,RAID_LEVEL_1_LEGACY,LUVDISC,LUVDISC,,False
Tier 1,RAID_LEVEL_1_LEGACY,MACHOP,MACHOP,,False
Tier 1,RAID_LEVEL_1_LEGACY,MAGIKARP,MAGIKARP,,False
Tier 1,RAID_LEVEL_1_LEGACY,MAGMAR,MAGMAR,,False
Tier 1,RAID_LEVEL_1_LEGACY,MAGNEMITE,MAGNEMITE,,False
Tier 1,RAID_LEVEL_1_LEGACY,MAKUHITA,MAKUHITA,,False
Tier 1,RAID_LEVEL_1_LEGACY,MANKEY,MANKEY,,False
Tier 1,RAID_LEVEL_1_LEGACY,MAREEP,MAREEP,,False
Tier 1,RAID_LEVEL_1_LEGACY,MARILL,MARILL,,False
Tier 1,RAID_LEVEL_1_LEGACY,MAWILE,MAWILE,,False
Tier 1,RAID_LEVEL_1_LEGACY,MEDITITE,MEDITITE,,False
Tier 1,RAID_LEVEL_1_LEGACY,MEOWTH,MEOWTH,,False
Tier 1,RAID_LEVEL_1_LEGACY,MEOWTH_ALOLA_FORM,MEOWTH,ALOLA,False
Tier 1,RAID_LEVEL_1_LEGACY,MEOWTH_GALARIAN_FORM,MEOWTH,GALARIAN,False
Tier 1,RAID_LEVEL_1_LEGACY,METAPOD,METAPOD,,False
Tier 1,RAID_LEVEL_1_LEGACY,MIENFOO,MIENFOO,,False
Tier 1,RAID_LEVEL_1_LEGACY,MILTANK,MILTANK,,False
Tier 1,RAID_LEVEL_1_LEGACY,MINUN,MINUN,,False
Tier 1,RAID_LEVEL_1_LEGACY,MISDREAVUS,MISDREAVUS,,False
Tier 1,RAID_LEVEL_1_LEGACY,MORELULL,MORELULL,,False
Tier 1,RAID_LEVEL_1_LEGACY,MUDKIP,MUDKIP,,False
Tier 1,RAID_LEVEL_1_LEGACY,MUNNA,MUNNA,,False
Tier 1,RAID_LEVEL_1_LEGACY,MURKROW,MURKROW,,False
Tier 1,RAID_LEVEL_1_LEGACY,NATU,NATU,,False
Tier 1,RAID_LEVEL_1_LEGACY,NIDORAN_FEMALE,NIDORAN_FEMALE,,False
Tier 1,RAID_LEVEL_1_LEGACY,NIDORAN_MALE,NIDORAN_MALE,,False
Tier 1,RAID_LEVEL_1_LEGACY,NINCADA,NINCADA,,False
Tier 1,RAID_LEVEL_1_LEGACY,NOSEPASS,NOSEPASS,,False
Tier 1,RAID_LEVEL_1_LEGACY,NUMEL,NUMEL,,False
Tier 1,RAID_LEVEL_1_LEGACY,NUZLEAF,NUZLEAF,,False
Tier 1,RAID_LEVEL_1_LEGACY,OMANYTE,OMANYTE,,False
Tier 1,RAID_LEVEL_1_LEGACY,ONIX,ONIX,,False
Tier 1,RAID_LEVEL_1_LEGACY,OSHAWOTT,OSHAWOTT,,False
Tier 1,RAID_LEVEL_1_LEGACY,PANCHAM,PANCHAM,,False
Tier 1,RAID_LEVEL_1_LEGACY,PANPOUR,PANPOUR,,False
Tier 1,RAID_LEVEL_1_LEGACY,PANSAGE,PANSAGE,,False
Tier 1,RAID_LEVEL_1_LEGACY,PANSEAR,PANSEAR,,False
Tier 1,RAID_LEVEL_1_LEGACY,PARAS,PARAS,,False
Tier 1,RAID_LEVEL_1_LEGACY,PAWMI,PAWMI,,False
Tier 1,RAID_LEVEL_1_LEGACY,PAWNIARD,PAWNIARD,,False
Tier 1,RAID_LEVEL_1_LEGACY,PETILIL,PETILIL,,False
Tier 1,RAID_LEVEL_1_LEGACY,PHANPY,PHANPY,,False
Tier 1,RAID_LEVEL_1_LEGACY,PHANTUMP,PHANTUMP,,False
Tier 1,RAID_LEVEL_1_LEGACY,PIDOVE,PIDOVE,,False
Tier 1,RAID_LEVEL_1_LEGACY,PIKACHU,PIKACHU,,False
Tier 1,RAID_LEVEL_1_LEGACY,PINECO,PINECO,,False
Tier 1,RAID_LEVEL_1_LEGACY,PIPLUP,PIPLUP,,False
Tier 1,RAID_LEVEL_1_LEGACY,PLUSLE,PLUSLE,,False
Tier 1,RAID_LEVEL_1_LEGACY,POLIWHIRL,POLIWHIRL,,False
Tier 1,RAID_LEVEL_1_LEGACY,PONYTA,PONYTA,,False
Tier 1,RAID_LEVEL_1_LEGACY,PONYTA_GALARIAN_FORM,PONYTA,GALARIAN,False
Tier 1,RAID_LEVEL_1_LEGACY,POOCHYENA,POOCHYENA,,False
Tier 1,RAID_LEVEL_1_LEGACY,POPPLIO,POPPLIO,,False
Tier 1,RAID_LEVEL_1_LEGACY,PORYGON,PORYGON,,False
Tier 1,RAID_LEVEL_1_LEGACY,PRINPLUP,PRINPLUP,,False
Tier 1,RAID_LEVEL_1_LEGACY,PSYDUCK,PSYDUCK,,False
Tier 1,RAID_LEVEL_1_LEGACY,PUMPKABOO_AVERAGE_FORM,PUMPKABOO,AVERAGE,False
Tier 1,RAID_LEVEL_1_LEGACY,PURRLOIN,PURRLOIN,,False
Tier 1,RAID_LEVEL_1_LEGACY,QUILAVA,QUILAVA,,False
Tier 1,RAID_LEVEL_1_LEGACY,QWILFISH,QWILFISH,,False
Tier 1,RAID_LEVEL_1_LEGACY,QWILFISH_HISUIAN_FORM,QWILFISH,HISUIAN,False
Tier 1,RAID_LEVEL_1_LEGACY,RALTS,RALTS,,False
Tier 1,RAID_LEVEL_1_LEGACY,RATTATA_ALOLA_FORM,RATTATA,ALOLA,False
Tier 1,RAID_LEVEL_1_LEGACY,RHYHORN,RHYHORN,,False
Tier 1,RAID_LEVEL_1_LEGACY,ROCKRUFF,ROCKRUFF,,False
Tier 1,RAID_LEVEL_1_LEGACY,ROGGENROLA,ROGGENROLA,,False
Tier 1,RAID_LEVEL_1_LEGACY,ROSELIA,ROSELIA,,False
Tier 1,RAID_LEVEL_1_LEGACY,ROWLET,ROWLET,,False
Tier 1,RAID_LEVEL_1_LEGACY,RUFFLET,RUFFLET,,False
Tier 1,RAID_LEVEL_1_LEGACY,SABLEYE,SABLEYE,,False
Tier 1,RAID_LEVEL_1_LEGACY,SANDSHREW,SANDSHREW,,False
Tier 1,RAID_LEVEL_1_LEGACY,SANDYGAST,SANDYGAST,,False
Tier 1,RAID_LEVEL_1_LEGACY,SCRAGGY,SCRAGGY,,False
Tier 1,RAID_LEVEL_1_LEGACY,SCYTHER,SCYTHER,,False
Tier 1,RAID_LEVEL_1_LEGACY,SEEDOT,SEEDOT,,False
Tier 1,RAID_LEVEL_1_LEGACY,SEEL,SEEL,,False
Tier 1,RAID_LEVEL_1_LEGACY,SEWADDLE,SEWADDLE,,False
Tier 1,RAID_LEVEL_1_LEGACY,SHELLDER,SHELLDER,,False
Tier 1,RAID_LEVEL_1_LEGACY,SHELLOS_EAST_SEA_FORM,SHELLOS,EAST_SEA,False
Tier 1,RAID_LEVEL_1_LEGACY,SHELLOS_WEST_SEA_FORM,SHELLOS,WEST_SEA,False
Tier 1,RAID_LEVEL_1_LEGACY,SHIELDON,SHIELDON,,False
Tier 1,RAID_LEVEL_1_LEGACY,SHINX,SHINX,,False
Tier 1,RAID_LEVEL_1_LEGACY,SHUCKLE,SHUCKLE,,False
Tier 1,RAID_LEVEL_1_LEGACY,SHUPPET,SHUPPET,,False
Tier 1,RAID_LEVEL_1_LEGACY,SKARMORY,SKARMORY,,False
Tier 1,RAID_LEVEL_1_LEGACY,SKORUPI,SKORUPI,,False
Tier 1,RAID_LEVEL_1_LEGACY,SKRELP,SKRELP,,False
Tier 1,RAID_LEVEL_1_LEGACY,SLAKOTH,SLAKOTH,,False
Tier 1,RAID_LEVEL_1_LEGACY,SLOWPOKE,SLOWPOKE,,False
Tier 1,RAID_LEVEL_1_LEGACY,SLOWPOKE_2020_FORM,SLOWPOKE,2020,False
Tier 1,RAID_LEVEL_1_LEGACY,SLOWPOKE_GALARIAN_FORM,SLOWPOKE,GALARIAN,False
Tier 1,RAID_LEVEL_1_LEGACY,SMOLIV,SMOLIV,,False
Tier 1,RAID_LEVEL_1_LEGACY,SNEASEL,SNEASEL,,False
Tier 1,RAID_LEVEL_1_LEGACY,SNEASEL_HISUIAN_FORM,SNEASEL,HISUIAN,False
Tier 1,RAID_LEVEL_1_LEGACY,SNIVY,SNIVY,,False
Tier 1,RAID_LEVEL_1_LEGACY,SNORUNT,SNORUNT,,False
Tier 1,RAID_LEVEL_1_LEGACY,SNOVER,SNOVER,,False
Tier 1,RAID_LEVEL_1_LEGACY,SNUBBULL,SNUBBULL,,False
Tier 1,RAID_LEVEL_1_LEGACY,SOLOSIS,SOLOSIS,,False
Tier 1,RAID_LEVEL_1_LEGACY,SOLROCK,SOLROCK,,False
Tier 1,RAID_LEVEL_1_LEGACY,SPHEAL,SPHEAL,,False
Tier 1,RAID_LEVEL_1_LEGACY,SPOINK,SPOINK,,False
Tier 1,RAID_LEVEL_1_LEGACY,SPRITZEE,SPRITZEE,,False
Tier 1,RAID_LEVEL_1_LEGACY,SQUIRTLE,SQUIRTLE,,False
Tier 1,RAID_LEVEL_1_LEGACY,STARLY,STARLY,,False
Tier 1,RAID_LEVEL_1_LEGACY,STARYU,STARYU,,False
Tier 1,RAID_LEVEL_1_LEGACY,STUFFUL,STUFFUL,,False
Tier 1,RAID_LEVEL_1_LEGACY,STUNFISK,STUNFISK,,False
Tier 1,RAID_LEVEL_1_LEGACY,STUNKY,STUNKY,,False
Tier 1,RAID_LEVEL_1_LEGACY,SUDOWOODO,SUDOWOODO,,False
Tier 1,RAID_LEVEL_1_LEGACY,SUNKERN,SUNKERN,,False
Tier 1,RAID_LEVEL_1_LEGACY,SWABLU,SWABLU,,False
Tier 1,RAID_LEVEL_1_LEGACY,SWINUB,SWINUB,,False
Tier 1,RAID_LEVEL_1_LEGACY,SWIRLIX,SWIRLIX,,False
Tier 1,RAID_LEVEL_1_LEGACY,TADBULB,TADBULB,,False
Tier 1,RAID_LEVEL_1_LEGACY,TANGELA,TANGELA,,False
Tier 1,RAID_LEVEL_1_LEGACY,TEDDIURSA,TEDDIURSA,,False
Tier 1,RAID_LEVEL_1_LEGACY,TENTACOOL,TENTACOOL,,False
Tier 1,RAID_LEVEL_1_LEGACY,TEPIG,TEPIG,,False
Tier 1,RAID_LEVEL_1_LEGACY,TIMBURR,TIMBURR,,False
Tier 1,RAID_LEVEL_1_LEGACY,TIRTOUGA,TIRTOUGA,,False
Tier 1,RAID_LEVEL_1_LEGACY,TOGEDEMARU,TOGEDEMARU,,False
Tier 1,RAID_LEVEL_1_LEGACY,TORCHIC,TORCHIC,,False
Tier 1,RAID_LEVEL_1_LEGACY,TOTODILE,TOTODILE,,False
Tier 1,RAID_LEVEL_1_LEGACY,TRAPINCH,TRAPINCH,,False
Tier 1,RAID_LEVEL_1_LEGACY,TREECKO,TREECKO,,False
Tier 1,RAID_LEVEL_1_LEGACY,TRUBBISH,TRUBBISH,,False
Tier 1,RAID_LEVEL_1_LEGACY,TURTWIG,TURTWIG,,False
Tier 1,RAID_LEVEL_1_LEGACY,TYMPOLE,TYMPOLE,,False
Tier 1,RAID_LEVEL_1_LEGACY,TYNAMO,TYNAMO,,False
Tier 1,RAID_LEVEL_1_LEGACY,TYRUNT,TYRUNT,,False
Tier 1,RAID_LEVEL_1_LEGACY,UNOWN,UNOWN,,False
Tier 1,RAID_LEVEL_1_LEGACY,VANILLITE,VANILLITE,,False
Tier 1,RAID_LEVEL_1_LEGACY,VENIPEDE,VENIPEDE,,False
Tier 1,RAID_LEVEL_1_LEGACY,VOLBEAT,VOLBEAT,,False
Tier 1,RAID_LEVEL_1_LEGACY,VOLTORB,VOLTORB,,False
Tier 1,RAID_LEVEL_1_LEGACY,VOLTORB_HISUIAN_FORM,VOLTORB,HISUIAN,False
Tier 1,RAID_LEVEL_1_LEGACY,VULPIX,VULPIX,,False
Tier 1,RAID_LEVEL_1_LEGACY,VULPIX_ALOLA_FORM,VULPIX,ALOLA,False
Tier 1,RAID_LEVEL_1_LEGACY,WAILMER,WAILMER,,False
Tier 1,RAID_LEVEL_1_LEGACY,WARTORTLE,WARTORTLE,,False
Tier 1,RAID_LEVEL_1_LEGACY,WEEDLE,WEEDLE,,False
Tier 1,RAID_LEVEL_1_LEGACY,WIMPOD,WIMPOD,,False
Tier 1,RAID_LEVEL_1_LEGACY,WINGULL,WINGULL,,False
Tier 1,RAID_LEVEL_1_LEGACY,WOBBUFFET,WOBBUFFET,,False
Tier 1,RAID_LEVEL_1_LEGACY,WOOBAT,WOOBAT,,False
Tier 1,RAID_LEVEL_1_LEGACY,WOOLOO,WOOLOO,,False
Tier 1,RAID_LEVEL_1_LEGACY,WOOPER,WOOPER,,False
Tier 1,RAID_LEVEL_1_LEGACY,WOOPER_PALDEA_FORM,WOOPER,PALDEA,False
Tier 1,RAID_LEVEL_1_LEGACY,WURMPLE,WURMPLE,,False
Tier 1,RAID_LEVEL_1_LEGACY,YAMASK,YAMASK,,False
Tier 1,RAID_LEVEL_1_LEGACY,YAMASK_GALARIAN_FORM,YAMASK,GALARIAN,False
Tier 1,RAID_LEVEL_1_LEGACY,YANMA,YANMA,,False
Tier 1,RAID_LEVEL_1_LEGACY,YUNGOOS,YUNGOOS,,False
Tier 1,RAID_LEVEL_1_LEGACY,ZIGZAGOON_GALARIAN_FORM,ZIGZAGOON,GALARIAN,False
Tier 1,RAID_LEVEL_1_LEGACY,ZUBAT,ZUBAT,,False
Shadow Tier 1,RAID_LEVEL_1_SHADOW,CRANIDOS_SHADOW_FORM,CRANIDOS,,False
Shadow Tier 1,RAID_LEVEL_1_SHADOW,MAREEP_SHADOW_FORM,MAREEP,,False
Shadow Tier 1,RAID_LEVEL_1_SHADOW,SHIELDON_SHADOW_FORM,SHIELDON,,False
Shadow Tier 1,RAID_LEVEL_1_SHADOW,WOOPER_SHADOW_FORM,WOOPER,,False
Shadow Tier 1,RAID_LEVEL_1_SHADOW_LEGACY,ABRA_SHADOW_FORM,ABRA,,False
Shadow Tier 1,RAID_LEVEL_1_SHADOW_LEGACY,BARBOACH_SHADOW_FORM,BARBOACH,,False
Shadow Tier 1,RAID_LEVEL_1_SHADOW_LEGACY,BELDUM_SHADOW_FORM,BELDUM,,False
Shadow Tier 1,RAID_LEVEL_1_SHADOW_LEGACY,BELLSPROUT_SHADOW_FORM,BELLSPROUT,,False
Shadow Tier 1,RAID_LEVEL_1_SHADOW_LEGACY,CROAGUNK_SHADOW_FORM,CROAGUNK,,False
Shadow Tier 1,RAID_LEVEL_1_SHADOW_LEGACY,CUBONE_SHADOW_FORM,CUBONE,,False
Shadow Tier 1,RAID_LEVEL_1_SHADOW_LEGACY,DRATINI_SHADOW_FORM,DRATINI,,False
Shadow Tier 1,RAID_LEVEL_1_SHADOW_LEGACY,DROWZEE_SHADOW_FORM,DROWZEE,,False
Shadow Tier 1,RAID_LEVEL_1_SHADOW_LEGACY,FOONGUS_SHADOW_FORM,FOONGUS,,False
Shadow Tier 1,RAID_LEVEL_1_SHADOW_LEGACY,GASTLY_SHADOW_FORM,GASTLY,,False
Shadow Tier 1,RAID_LEVEL_1_SHADOW_LEGACY,GLIGAR_SHADOW_FORM,GLIGAR,,False
Shadow Tier 1,RAID_LEVEL_1_SHADOW_LEGACY,GRIMER_SHADOW_FORM,GRIMER,,False
Shadow Tier 1,RAID_LEVEL_1_SHADOW_LEGACY,GROWLITHE_SHADOW_FORM,GROWLITHE,,False
Shadow Tier 1,RAID_LEVEL_1_SHADOW_LEGACY,HOUNDOUR_SHADOW_FORM,HOUNDOUR,,False
Shadow Tier 1,RAID_LEVEL_1_SHADOW_LEGACY,LITWICK_SHADOW_FORM,LITWICK,,False
Shadow Tier 1,RAID_LEVEL_1_SHADOW_LEGACY,MACHOP_SHADOW_FORM,MACHOP,,False
Shadow Tier 1,RAID_LEVEL_1_SHADOW_LEGACY,MAGNEMITE_SHADOW_FORM,MAGNEMITE,,False
Shadow Tier 1,RAID_LEVEL_1_SHADOW_LEGACY,MEOWTH_SHADOW_FORM,MEOWTH,,False
Shadow Tier 1,RAID_LEVEL_1_SHADOW_LEGACY,MISDREAVUS_SHADOW_FORM,MISDREAVUS,,False
Shadow Tier 1,RAID_LEVEL_1_SHADOW_LEGACY,MURKROW_SHADOW_FORM,MURKROW,,False
Shadow Tier 1,RAID_LEVEL_1_SHADOW_LEGACY,PIDOVE_SHADOW_FORM,PIDOVE,,False
Shadow Tier 1,RAID_LEVEL_1_SHADOW_LEGACY,PINECO_SHADOW_FORM,PINECO,,False
Shadow Tier 1,RAID_LEVEL_1_SHADOW_LEGACY,POLIWAG_SHADOW_FORM,POLIWAG,,False
Shadow Tier 1,RAID_LEVEL_1_SHADOW_LEGACY,SANDSHREW_ALOLA_SHADOW_FORM,SANDSHREW,ALOLA,False
Shadow Tier 1,RAID_LEVEL_1_SHADOW_LEGACY,STARLY_SHADOW_FORM,STARLY,,False
Shadow Tier 1,RAID_LEVEL_1_SHADOW_LEGACY,TEDDIURSA_SHADOW_FORM,TEDDIURSA,,False
Shadow Tier 1,RAID_LEVEL_1_SHADOW_LEGACY,TRAPINCH_SHADOW_FORM,TRAPINCH,,False
Shadow Tier 1,RAID_LEVEL_1_SHADOW_LEGACY,ZUBAT_SHADOW_FORM,ZUBAT,,False
Tier 2,RAID_LEVEL_2_LEGACY,CARBINK,CARBINK,,False
Tier 3,RAID_LEVEL_3,DRAPION,DRAPION,,False
Tier 3,RAID_LEVEL_3,GARDEVOIR,GARDEVOIR,,False
Tier 3,RAID_LEVEL_3,METAGROSS,METAGROSS,,False
Tier 3,RAID_LEVEL_3_LEGACY,ABSOL,ABSOL,,False
Tier 3,RAID_LEVEL_3_LEGACY,AERODACTYL,AERODACTYL,,False
Tier 3,RAID_LEVEL_3_LEGACY,AGGRON,AGGRON,,False
Tier 3,RAID_LEVEL_3_LEGACY,ALAKAZAM,ALAKAZAM,,False
Tier 3,RAID_LEVEL_3_LEGACY,ALOMOMOLA,ALOMOMOLA,,False
Tier 3,RAID_LEVEL_3_LEGACY,AMOONGUSS,AMOONGUSS,,False
Tier 3,RAID_LEVEL_3_LEGACY,AMPHAROS,AMPHAROS,,False
Tier 3,RAID_LEVEL_3_LEGACY,ARCANINE,ARCANINE,,False
Tier 3,RAID_LEVEL_3_LEGACY,ARIADOS,ARIADOS,,False
Tier 3,RAID_LEVEL_3_LEGACY,AVALUGG,AVALUGG,,False
Tier 3,RAID_LEVEL_3_LEGACY,AVALUGG_HISUIAN_FORM,AVALUGG,HISUIAN,False
Tier 3,RAID_LEVEL_3_LEGACY,AZUMARILL,AZUMARILL,,False
Tier 3,RAID_LEVEL_3_LEGACY,BANETTE,BANETTE,,False
Tier 3,RAID_LEVEL_3_LEGACY,BEEDRILL,BEEDRILL,,False
Tier 3,RAID_LEVEL_3_LEGACY,BELLOSSOM,BELLOSSOM,,False
Tier 3,RAID_LEVEL_3_LEGACY,BLASTOISE,BLASTOISE,,False
Tier 3,RAID_LEVEL_3_LEGACY,BLAZIKEN,BLAZIKEN,,False
Tier 3,RAID_LEVEL_3_LEGACY,BOLDORE,BOLDORE,,False
Tier 3,RAID_LEVEL_3_LEGACY,BOMBIRDIER,BOMBIRDIER,,False
Tier 3,RAID_LEVEL_3_LEGACY,BRAVIARY,BRAVIARY,,False
Tier 3,RAID_LEVEL_3_LEGACY,BRAVIARY_HISUIAN_FORM,BRAVIARY,HISUIAN,False
Tier 3,RAID_LEVEL_3_LEGACY,BRELOOM,BRELOOM,,False
Tier 3,RAID_LEVEL_3_LEGACY,BRIONNE,BRIONNE,,False
Tier 3,RAID_LEVEL_3_LEGACY,BUTTERFREE,BUTTERFREE,,False
Tier 3,RAID_LEVEL_3_LEGACY,CACTURNE,CACTURNE,,False
Tier 3,RAID_LEVEL_3_LEGACY,CAMERUPT,CAMERUPT,,False
Tier 3,RAID_LEVEL_3_LEGACY,CHANSEY,CHANSEY,,False
Tier 3,RAID_LEVEL_3_LEGACY,CHARIZARD,CHARIZARD,,False
Tier 3,RAID_LEVEL_3_LEGACY,CHARJABUG,CHARJABUG,,False
Tier 3,RAID_LEVEL_3_LEGACY,CINCCINO,CINCCINO,,False
Tier 3,RAID_LEVEL_3_LEGACY,CLAYDOL,CLAYDOL,,False
Tier 3,RAID_LEVEL_3_LEGACY,CLEFABLE,CLEFABLE,,False
Tier 3,RAID_LEVEL_3_LEGACY,CLOYSTER,CLOYSTER,,False
Tier 3,RAID_LEVEL_3_LEGACY,COMBUSKEN,COMBUSKEN,,False
Tier 3,RAID_LEVEL_3_LEGACY,CORSOLA,CORSOLA,,False
Tier 3,RAID_LEVEL_3_LEGACY,CRAWDAUNT,CRAWDAUNT,,False
Tier 3,RAID_LEVEL_3_LEGACY,CROBAT,CROBAT,,False
Tier 3,RAID_LEVEL_3_LEGACY,CRUSTLE,CRUSTLE,,False
Tier 3,RAID_LEVEL_3_LEGACY,CRYOGONAL,CRYOGONAL,,False
Tier 3,RAID_LEVEL_3_LEGACY,DARTRIX,DARTRIX,,False
Tier 3,RAID_LEVEL_3_LEGACY,DECIDUEYE_HISUIAN_FORM,DECIDUEYE,HISUIAN,False
Tier 3,RAID_LEVEL_3_LEGACY,DEDENNE,DEDENNE,,False
Tier 3,RAID_LEVEL_3_LEGACY,DELCATTY,DELCATTY,,False
Tier 3,RAID_LEVEL_3_LEGACY,DELIBIRD,DELIBIRD,,False
Tier 3,RAID_LEVEL_3_LEGACY,DEWGONG,DEWGONG,,False
Tier 3,RAID_LEVEL_3_LEGACY,DIGGERSBY,DIGGERSBY,,False
Tier 3,RAID_LEVEL_3_LEGACY,DONPHAN,DONPHAN,,False
Tier 3,RAID_LEVEL_3_LEGACY,DRAGONITE,DRAGONITE,,False
Tier 3,RAID_LEVEL_3_LEGACY,DRAMPA,DRAMPA,,False
Tier 3,RAID_LEVEL_3_LEGACY,DRIFBLIM,DRIFBLIM,,False
Tier 3,RAID_LEVEL_3_LEGACY,DRUDDIGON,DRUDDIGON,,False
Tier 3,RAID_LEVEL_3_LEGACY,DUGTRIO,DUGTRIO,,False
Tier 3,RAID_LEVEL_3_LEGACY,DUOSION,DUOSION,,False
Tier 3,RAID_LEVEL_3_LEGACY,DURANT,DURANT,,False
Tier 3,RAID_LEVEL_3_LEGACY,DUSCLOPS,DUSCLOPS,,False
Tier 3,RAID_LEVEL_3_LEGACY,EELEKTRIK,EELEKTRIK,,False
Tier 3,RAID_LEVEL_3_LEGACY,ELECTABUZZ,ELECTABUZZ,,False
Tier 3,RAID_LEVEL_3_LEGACY,ELECTRODE,ELECTRODE,,False
Tier 3,RAID_LEVEL_3_LEGACY,EMPOLEON,EMPOLEON,,False
Tier 3,RAID_LEVEL_3_LEGACY,ESPEON,ESPEON,,False
Tier 3,RAID_LEVEL_3_LEGACY,EXCADRILL,EXCADRILL,,False
Tier 3,RAID_LEVEL_3_LEGACY,EXEGGUTOR,EXEGGUTOR,,False
Tier 3,RAID_LEVEL_3_LEGACY,EXEGGUTOR_ALOLA_FORM,EXEGGUTOR,ALOLA,False
Tier 3,RAID_LEVEL_3_LEGACY,FARFETCHD,FARFETCHD,,False
Tier 3,RAID_LEVEL_3_LEGACY,FEAROW,FEAROW,,False
Tier 3,RAID_LEVEL_3_LEGACY,FERALIGATR,FERALIGATR,,False
Tier 3,RAID_LEVEL_3_LEGACY,FERROTHORN,FERROTHORN,,False
Tier 3,RAID_LEVEL_3_LEGACY,FLAAFFY,FLAAFFY,,False
Tier 3,RAID_LEVEL_3_LEGACY,FLAREON,FLAREON,,False
Tier 3,RAID_LEVEL_3_LEGACY,FLETCHINDER,FLETCHINDER,,False
Tier 3,RAID_LEVEL_3_LEGACY,FLOATZEL,FLOATZEL,,False
Tier 3,RAID_LEVEL_3_LEGACY,FLYGON,FLYGON,,False
Tier 3,RAID_LEVEL_3_LEGACY,FORRETRESS,FORRETRESS,,False
Tier 3,RAID_LEVEL_3_LEGACY,GALLADE,GALLADE,,False
Tier 3,RAID_LEVEL_3_LEGACY,GALVANTULA,GALVANTULA,,False
Tier 3,RAID_LEVEL_3_LEGACY,GARBODOR,GARBODOR,,False
Tier 3,RAID_LEVEL_3_LEGACY,GARCHOMP,GARCHOMP,,False
Tier 3,RAID_LEVEL_3_LEGACY,GENGAR,GENGAR,,False
Tier 3,RAID_LEVEL_3_LEGACY,GIGALITH,GIGALITH,,False
Tier 3,RAID_LEVEL_3_LEGACY,GIRAFARIG,GIRAFARIG,,False
Tier 3,RAID_LEVEL_3_LEGACY,GLACEON,GLACEON,,False
Tier 3,RAID_LEVEL_3_LEGACY,GLALIE,GLALIE,,False
Tier 3,RAID_LEVEL_3_LEGACY,GLIGAR,GLIGAR,,False
Tier 3,RAID_LEVEL_3_LEGACY,GLOOM,GLOOM,,False
Tier 3,RAID_LEVEL_3_LEGACY,GOLBAT,GOLBAT,,False
Tier 3,RAID_LEVEL_3_LEGACY,GOLDUCK,GOLDUCK,,False
Tier 3,RAID_LEVEL_3_LEGACY,GOLEM,GOLEM,,False
Tier 3,RAID_LEVEL_3_LEGACY,GOLURK,GOLURK,,False
Tier 3,RAID_LEVEL_3_LEGACY,GOTHORITA,GOTHORITA,,False
Tier 3,RAID_LEVEL_3_LEGACY,GRANBULL,GRANBULL,,False
Tier 3,RAID_LEVEL_3_LEGACY,GRAVELER,GRAVELER,,False
Tier 3,RAID_LEVEL_3_LEGACY,GRAVELER_ALOLA_FORM,GRAVELER,ALOLA,False
Tier 3,RAID_LEVEL_3_LEGACY,GREAVARD,GREAVARD,,False
Tier 3,RAID_LEVEL_3_LEGACY,GROTLE,GROTLE,,False
Tier 3,RAID_LEVEL_3_LEGACY,GRUMPIG,GRUMPIG,,False
Tier 3,RAID_LEVEL_3_LEGACY,GYARADOS,GYARADOS,,False
Tier 3,RAID_LEVEL_3_LEGACY,HARIYAMA,HARIYAMA,,False
Tier 3,RAID_LEVEL_3_LEGACY,HAUNTER,HAUNTER,,False
Tier 3,RAID_LEVEL_3_LEGACY,HEATMOR,HEATMOR,,False
Tier 3,RAID_LEVEL_3_LEGACY,HERACROSS,HERACROSS,,False
Tier 3,RAID_LEVEL_3_LEGACY,HERDIER,HERDIER,,False
Tier 3,RAID_LEVEL_3_LEGACY,HIPPOWDON,HIPPOWDON,,False
Tier 3,RAID_LEVEL_3_LEGACY,HOUNDOOM,HOUNDOOM,,False
Tier 3,RAID_LEVEL_3_LEGACY,HYPNO,HYPNO,,False
Tier 3,RAID_LEVEL_3_LEGACY,INFERNAPE,INFERNAPE,,False
Tier 3,RAID_LEVEL_3_LEGACY,JOLTEON,JOLTEON,,False
Tier 3,RAID_LEVEL_3_LEGACY,JYNX,JYNX,,False
Tier 3,RAID_LEVEL_3_LEGACY,KABUTOPS,KABUTOPS,,False
Tier 3,RAID_LEVEL_3_LEGACY,KADABRA,KADABRA,,False
Tier 3,RAID_LEVEL_3_LEGACY,KANGASKHAN,KANGASKHAN,,False
Tier 3,RAID_LEVEL_3_LEGACY,KIRLIA,KIRLIA,,False
Tier 3,RAID_LEVEL_3_LEGACY,KLEAVOR,KLEAVOR,,False
Tier 3,RAID_LEVEL_3_LEGACY,LAIRON,LAIRON,,False
Tier 3,RAID_LEVEL_3_LEGACY,LAMPENT,LAMPENT,,False
Tier 3,RAID_LEVEL_3_LEGACY,LANTURN,LANTURN,,False
Tier 3,RAID_LEVEL_3_LEGACY,LAPRAS,LAPRAS,,False
Tier 3,RAID_LEVEL_3_LEGACY,LICKITUNG,LICKITUNG,,False
Tier 3,RAID_LEVEL_3_LEGACY,LILEEP,LILEEP,,False
Tier 3,RAID_LEVEL_3_LEGACY,LOPUNNY,LOPUNNY,,False
Tier 3,RAID_LEVEL_3_LEGACY,LUCARIO,LUCARIO,,False
Tier 3,RAID_LEVEL_3_LEGACY,LUDICOLO,LUDICOLO,,False
Tier 3,RAID_LEVEL_3_LEGACY,LUMINEON,LUMINEON,,False
Tier 3,RAID_LEVEL_3_LEGACY,LUXIO,LUXIO,,False
Tier 3,RAID_LEVEL_3_LEGACY,LUXRAY,LUXRAY,,False
Tier 3,RAID_LEVEL_3_LEGACY,MACHAMP,MACHAMP,,False
Tier 3,RAID_LEVEL_3_LEGACY,MACHOKE,MACHOKE,,False
Tier 3,RAID_LEVEL_3_LEGACY,MAGCARGO,MAGCARGO,,False
Tier 3,RAID_LEVEL_3_LEGACY,MAGMAR,MAGMAR,,False
Tier 3,RAID_LEVEL_3_LEGACY,MAGNETON,MAGNETON,,False
Tier 3,RAID_LEVEL_3_LEGACY,MANECTRIC,MANECTRIC,,False
Tier 3,RAID_LEVEL_3_LEGACY,MAREANIE,MAREANIE,,False
Tier 3,RAID_LEVEL_3_LEGACY,MAROWAK,MAROWAK,,False
Tier 3,RAID_LEVEL_3_LEGACY,MAROWAK_ALOLA_FORM,MAROWAK,ALOLA,False
Tier 3,RAID_LEVEL_3_LEGACY,MAWILE,MAWILE,,False
Tier 3,RAID_LEVEL_3_LEGACY,MEDICHAM,MEDICHAM,,False
Tier 3,RAID_LEVEL_3_LEGACY,MEGANIUM,MEGANIUM,,False
Tier 3,RAID_LEVEL_3_LEGACY,METANG,METANG,,False
Tier 3,RAID_LEVEL_3_LEGACY,MIGHTYENA,MIGHTYENA,,False
Tier 3,RAID_LEVEL_3_LEGACY,MILTANK,MILTANK,,False
Tier 3,RAID_LEVEL_3_LEGACY,MONFERNO,MONFERNO,,False
Tier 3,RAID_LEVEL_3_LEGACY,MR_MIME,MR_MIME,,False
Tier 3,RAID_LEVEL_3_LEGACY,MR_MIME_GALARIAN_FORM,MR_MIME,GALARIAN,False
Tier 3,RAID_LEVEL_3_LEGACY,MUK,MUK,,False
Tier 3,RAID_LEVEL_3_LEGACY,NIDOKING,NIDOKING,,False
Tier 3,RAID_LEVEL_3_LEGACY,NIDOQUEEN,NIDOQUEEN,,False
Tier 3,RAID_LEVEL_3_LEGACY,NIDORINO,NIDORINO,,False
Tier 3,RAID_LEVEL_3_LEGACY,NINETALES,NINETALES,,False
Tier 3,RAID_LEVEL_3_LEGACY,NINJASK,NINJASK,,False
Tier 3,RAID_LEVEL_3_LEGACY,NOCTOWL,NOCTOWL,,False
Tier 3,RAID_LEVEL_3_LEGACY,NOSEPASS,NOSEPASS,,False
Tier 3,RAID_LEVEL_3_LEGACY,NUZLEAF,NUZLEAF,,False
Tier 3,RAID_LEVEL_3_LEGACY,OCTILLERY,OCTILLERY,,False
Tier 3,RAID_LEVEL_3_LEGACY,OMASTAR,OMASTAR,,False
Tier 3,RAID_LEVEL_3_LEGACY,ONIX,ONIX,,False
Tier 3,RAID_LEVEL_3_LEGACY,ORANGURU,ORANGURU,,False
Tier 3,RAID_LEVEL_3_LEGACY,PALPITOAD,PALPITOAD,,False
Tier 3,RAID_LEVEL_3_LEGACY,PARASECT,PARASECT,,False
Tier 3,RAID_LEVEL_3_LEGACY,PASSIMIAN,PASSIMIAN,,False
Tier 3,RAID_LEVEL_3_LEGACY,PELIPPER,PELIPPER,,False
Tier 3,RAID_LEVEL_3_LEGACY,PILOSWINE,PILOSWINE,,False
Tier 3,RAID_LEVEL_3_LEGACY,PINSIR,PINSIR,,False
Tier 3,RAID_LEVEL_3_LEGACY,POLITOED,POLITOED,,False
Tier 3,RAID_LEVEL_3_LEGACY,POLIWRATH,POLIWRATH,,False
Tier 3,RAID_LEVEL_3_LEGACY,PORYGON,PORYGON,,False
Tier 3,RAID_LEVEL_3_LEGACY,PORYGON2,PORYGON2,,False
Tier 3,RAID_LEVEL_3_LEGACY,PRIMEAPE,PRIMEAPE,,False
Tier 3,RAID_LEVEL_3_LEGACY,PRINPLUP,PRINPLUP,,False
Tier 3,RAID_LEVEL_3_LEGACY,QUAGSIRE,QUAGSIRE,,False
Tier 3,RAID_LEVEL_3_LEGACY,RAICHU,RAICHU,,False
Tier 3,RAID_LEVEL_3_LEGACY,RAICHU_ALOLA_FORM,RAICHU,ALOLA,False
Tier 3,RAID_LEVEL_3_LEGACY,RAPIDASH,RAPIDASH,,False
Tier 3,RAID_LEVEL_3_LEGACY,RATICATE,RATICATE,,False
Tier 3,RAID_LEVEL_3_LEGACY,RATICATE_ALOLA_FORM,RATICATE,ALOLA,False
Tier 3,RAID_LEVEL_3_LEGACY,RHYDON,RHYDON,,False
Tier 3,RAID_LEVEL_3_LEGACY,SABLEYE,SABLEYE,,False
Tier 3,RAID_LEVEL_3_LEGACY,SALAMENCE,SALAMENCE,,False
Tier 3,RAID_LEVEL_3_LEGACY,SAMUROTT_HISUIAN_FORM,SAMUROTT,HISUIAN,False
Tier 3,RAID_LEVEL_3_LEGACY,SANDSLASH,SANDSLASH,,False
Tier 3,RAID_LEVEL_3_LEGACY,SANDYGAST,SANDYGAST,,False
Tier 3,RAID_LEVEL_3_LEGACY,SAWK,SAWK,,False
Tier 3,RAID_LEVEL_3_LEGACY,SCIZOR,SCIZOR,,False
Tier 3,RAID_LEVEL_3_LEGACY,SCYTHER,SCYTHER,,False
Tier 3,RAID_LEVEL_3_LEGACY,SEADRA,SEADRA,,False
Tier 3,RAID_LEVEL_3_LEGACY,SEALEO,SEALEO,,False
Tier 3,RAID_LEVEL_3_LEGACY,SEVIPER,SEVIPER,,False
Tier 3,RAID_LEVEL_3_LEGACY,SHARPEDO,SHARPEDO,,False
Tier 3,RAID_LEVEL_3_LEGACY,SHELGON,SHELGON,,False
Tier 3,RAID_LEVEL_3_LEGACY,SHIFTRY,SHIFTRY,,False
Tier 3,RAID_LEVEL_3_LEGACY,SHUCKLE,SHUCKLE,,False
Tier 3,RAID_LEVEL_3_LEGACY,SKUNTANK,SKUNTANK,,False
Tier 3,RAID_LEVEL_3_LEGACY,SLAKING,SLAKING,,False
Tier 3,RAID_LEVEL_3_LEGACY,SLOWBRO,SLOWBRO,,False
Tier 3,RAID_LEVEL_3_LEGACY,SLOWBRO_2021_FORM,SLOWBRO,2021,False
Tier 3,RAID_LEVEL_3_LEGACY,SLOWKING,SLOWKING,,False
Tier 3,RAID_LEVEL_3_LEGACY,SNORLAX,SNORLAX,,False
Tier 3,RAID_LEVEL_3_LEGACY,SPINDA,SPINDA,,False
Tier 3,RAID_LEVEL_3_LEGACY,STANTLER,STANTLER,,False
Tier 3,RAID_LEVEL_3_LEGACY,STARAPTOR,STARAPTOR,,False
Tier 3,RAID_LEVEL_3_LEGACY,STARMIE,STARMIE,,False
Tier 3,RAID_LEVEL_3_LEGACY,STEELIX,STEELIX,,False
Tier 3,RAID_LEVEL_3_LEGACY,STUNFISK,STUNFISK,,False
Tier 3,RAID_LEVEL_3_LEGACY,STUNFISK_GALARIAN_FORM,STUNFISK,GALARIAN,False
Tier 3,RAID_LEVEL_3_LEGACY,SUDOWOODO,SUDOWOODO,,False
Tier 3,RAID_LEVEL_3_LEGACY,SWADLOON,SWADLOON,,False
Tier 3,RAID_LEVEL_3_LEGACY,SWALOT,SWALOT,,False
Tier 3,RAID_LEVEL_3_LEGACY,SWELLOW,SWELLOW,,False
Tier 3,RAID_LEVEL_3_LEGACY,TANGELA,TANGELA,,False
Tier 3,RAID_LEVEL_3_LEGACY,TAUROS,TAUROS,,False
Tier 3,RAID_LEVEL_3_LEGACY,TENTACRUEL,TENTACRUEL,,False
Tier 3,RAID_LEVEL_3_LEGACY,THROH,THROH,,False
Tier 3,RAID_LEVEL_3_LEGACY,TOGEKISS,TOGEKISS,,False
Tier 3,RAID_LEVEL_3_LEGACY,TOGETIC,TOGETIC,,False
Tier 3,RAID_LEVEL_3_LEGACY,TORRACAT,TORRACAT,,False
Tier 3,RAID_LEVEL_3_LEGACY,TORTERRA,TORTERRA,,False
Tier 3,RAID_LEVEL_3_LEGACY,TOXICROAK,TOXICROAK,,False
Tier 3,RAID_LEVEL_3_LEGACY,TRANQUILL,TRANQUILL,,False
Tier 3,RAID_LEVEL_3_LEGACY,TURTONATOR,TURTONATOR,,False
Tier 3,RAID_LEVEL_3_LEGACY,TYPHLOSION,TYPHLOSION,,False
Tier 3,RAID_LEVEL_3_LEGACY,TYPHLOSION_HISUIAN_FORM,TYPHLOSION,HISUIAN,False
Tier 3,RAID_LEVEL_3_LEGACY,TYRANITAR,TYRANITAR,,False
Tier 3,RAID_LEVEL_3_LEGACY,UMBREON,UMBREON,,False
Tier 3,RAID_LEVEL_3_LEGACY,URSARING,URSARING,,False
Tier 3,RAID_LEVEL_3_LEGACY,VAPOREON,VAPOREON,,False
Tier 3,RAID_LEVEL_3_LEGACY,VENOMOTH,VENOMOTH,,False
Tier 3,RAID_LEVEL_3_LEGACY,VENUSAUR,VENUSAUR,,False
Tier 3,RAID_LEVEL_3_LEGACY,VIBRAVA,VIBRAVA,,False
Tier 3,RAID_LEVEL_3_LEGACY,VICTREEBEL,VICTREEBEL,,False
Tier 3,RAID_LEVEL_3_LEGACY,VIKAVOLT,VIKAVOLT,,False
Tier 3,RAID_LEVEL_3_LEGACY,VILEPLUME,VILEPLUME,,False
Tier 3,RAID_LEVEL_3_LEGACY,WAILMER,WAILMER,,False
Tier 3,RAID_LEVEL_3_LEGACY,WALREIN,WALREIN,,False
Tier 3,RAID_LEVEL_3_LEGACY,WEEPINBELL,WEEPINBELL,,False
Tier 3,RAID_LEVEL_3_LEGACY,WEEZING,WEEZING,,False
Tier 3,RAID_LEVEL_3_LEGACY,WEEZING_GALARIAN_FORM,WEEZING,GALARIAN,False
Tier 3,RAID_LEVEL_3_LEGACY,WHIMSICOTT,WHIMSICOTT,,False
Tier 3,RAID_LEVEL_3_LEGACY,WHISCASH,WHISCASH,,False
Tier 3,RAID_LEVEL_3_LEGACY,WIGGLYTUFF,WIGGLYTUFF,,False
Tier 3,RAID_LEVEL_3_LEGACY,WOBBUFFET,WOBBUFFET,,False
Tier 3,RAID_LEVEL_3_LEGACY,WYRDEER,WYRDEER,,False
Tier 3,RAID_LEVEL_3_LEGACY,XATU,XATU,,False
Tier 3,RAID_LEVEL_3_LEGACY,YANMA,YANMA,,False
Tier 3,RAID_LEVEL_3_LEGACY,ZANGOOSE,ZANGOOSE,,False
Tier 3,RAID_LEVEL_3_LEGACY,ZWEILOUS,ZWEILOUS,,False
Shadow Tier 3,RAID_LEVEL_3_SHADOW,MANECTRIC_SHADOW_FORM,MANECTRIC,,False
Shadow Tier 3,RAID_LEVEL_3_SHADOW,NUZLEAF_SHADOW_FORM,NUZLEAF,,False
Shadow Tier 3,RAID_LEVEL_3_SHADOW,VIBRAVA_SHADOW_FORM,VIBRAVA,,False
Shadow Tier 3,RAID_LEVEL_3_SHADOW_LEGACY,BAYLEEF_SHADOW_FORM,BAYLEEF,,False
Shadow Tier 3,RAID_LEVEL_3_SHADOW_LEGACY,CROCONAW_SHADOW_FORM,CROCONAW,,False
Shadow Tier 3,RAID_LEVEL_3_SHADOW_LEGACY,ELECTABUZZ_SHADOW_FORM,ELECTABUZZ,,False
Shadow Tier 3,RAID_LEVEL_3_SHADOW_LEGACY,GLIGAR_SHADOW_FORM,GLIGAR,,False
Shadow Tier 3,RAID_LEVEL_3_SHADOW_LEGACY,GOLBAT_SHADOW_FORM,GOLBAT,,False
Shadow Tier 3,RAID_LEVEL_3_SHADOW_LEGACY,GOLETT_SHADOW_FORM,GOLETT,,False
Shadow Tier 3,RAID_LEVEL_3_SHADOW_LEGACY,HITMONTOP_SHADOW_FORM,HITMONTOP,,False
Shadow Tier 3,RAID_LEVEL_3_SHADOW_LEGACY,HOUNDOUR_SHADOW_FORM,HOUNDOUR,,False
Shadow Tier 3,RAID_LEVEL_3_SHADOW_LEGACY,KIRLIA_SHADOW_FORM,KIRLIA,,False
Shadow Tier 3,RAID_LEVEL_3_SHADOW_LEGACY,MAGMAR_SHADOW_FORM,MAGMAR,,False
Shadow Tier 3,RAID_LEVEL_3_SHADOW_LEGACY,NIDORAN_FEMALE_SHADOW_FORM,NIDORAN_FEMALE,,False
Shadow Tier 3,RAID_LEVEL_3_SHADOW_LEGACY,NIDORINA_SHADOW_FORM,NIDORINA,,False
Shadow Tier 3,RAID_LEVEL_3_SHADOW_LEGACY,NIDORINO_SHADOW_FORM,NIDORINO,,False
Shadow Tier 3,RAID_LEVEL_3_SHADOW_LEGACY,ONIX_SHADOW_FORM,ONIX,,False
Shadow Tier 3,RAID_LEVEL_3_SHADOW_LEGACY,PORYGON_SHADOW_FORM,PORYGON,,False
Shadow Tier 3,RAID_LEVEL_3_SHADOW_LEGACY,QUILAVA_SHADOW_FORM,QUILAVA,,False
Shadow Tier 3,RAID_LEVEL_3_SHADOW_LEGACY,SABLEYE_SHADOW_FORM,SABLEYE,,False
Shadow Tier 3,RAID_LEVEL_3_SHADOW_LEGACY,SAWK_SHADOW_FORM,SAWK,,False
Shadow Tier 3,RAID_LEVEL_3_SHADOW_LEGACY,SCYTHER_SHADOW_FORM,SCYTHER,,False
Shadow Tier 3,RAID_LEVEL_3_SHADOW_LEGACY,SKARMORY_SHADOW_FORM,SKARMORY,,False
Shadow Tier 3,RAID_LEVEL_3_SHADOW_LEGACY,SNEASEL_SHADOW_FORM,SNEASEL,,False
Shadow Tier 3,RAID_LEVEL_3_SHADOW_LEGACY,THROH_SHADOW_FORM,THROH,,False
Shadow Tier 3,RAID_LEVEL_3_SHADOW_LEGACY,WOBBUFFET_SHADOW_FORM,WOBBUFFET,,False
Tier 4,RAID_LEVEL_4_LEGACY,LINOONE_GALARIAN_FORM,LINOONE,GALARIAN,False
Tier 4,RAID_LEVEL_4_LEGACY,STARAVIA,STARAVIA,,False
Tier 4,RAID_LEVEL_4_LEGACY,ZWEILOUS,ZWEILOUS,,False
Tier 5,RAID_LEVEL_5,XERNEAS,XERNEAS,,False
Tier 5,RAID_LEVEL_5_FUTURE,ARCEUS,ARCEUS,,False
Tier 5,RAID_LEVEL_5_FUTURE,ARCEUS_BUG_FORM,ARCEUS,BUG,False
Tier 5,RAID_LEVEL_5_FUTURE,ARCEUS_DARK_FORM,ARCEUS,DARK,False
Tier 5,RAID_LEVEL_5_FUTURE,ARCEUS_DRAGON_FORM,ARCEUS,DRAGON,False
Tier 5,RAID_LEVEL_5_FUTURE,ARCEUS_ELECTRIC_FORM,ARCEUS,ELECTRIC,False
Tier 5,RAID_LEVEL_5_FUTURE,ARCEUS_FAIRY_FORM,ARCEUS,FAIRY,False
Tier 5,RAID_LEVEL_5_FUTURE,ARCEUS_FIGHTING_FORM,ARCEUS,FIGHTING,False
Tier 5,RAID_LEVEL_5_FUTURE,ARCEUS_FIRE_FORM,ARCEUS,FIRE,False
Tier 5,RAID_LEVEL_5_FUTURE,ARCEUS_FLYING_FORM,ARCEUS,FLYING,False
Tier 5,RAID_LEVEL_5_FUTURE,ARCEUS_GHOST_FORM,ARCEUS,GHOST,False
Tier 5,RAID_LEVEL_5_FUTURE,ARCEUS_GRASS_FORM,ARCEUS,GRASS,False
Tier 5,RAID_LEVEL_5_FUTURE,ARCEUS_GROUND_FORM,ARCEUS,GROUND,False
Tier 5,RAID_LEVEL_5_FUTURE,ARCEUS_ICE_FORM,ARCEUS,ICE,False
Tier 5,RAID_LEVEL_5_FUTURE,ARCEUS_POISON_FORM,ARCEUS,POISON,False
Tier 5,RAID_LEVEL_5_FUTURE,ARCEUS_PSYCHIC_FORM,ARCEUS,PSYCHIC,False
Tier 5,RAID_LEVEL_5_FUTURE,ARCEUS_ROCK_FORM,ARCEUS,ROCK,False
Tier 5,RAID_LEVEL_5_FUTURE,ARCEUS_STEEL_FORM,ARCEUS,STEEL,False
Tier 5,RAID_LEVEL_5_FUTURE,ARCEUS_WATER_FORM,ARCEUS,WATER,False
Tier 5,RAID_LEVEL_5_FUTURE,ARTICUNO_GALARIAN_FORM,ARTICUNO,GALARIAN,False
Tier 5,RAID_LEVEL_5_FUTURE,ARTICUNO_SHADOW_FORM,ARTICUNO,,False
Tier 5,RAID_LEVEL_5_FUTURE,AZELF_SHADOW_FORM,AZELF,,False
Tier 5,RAID_LEVEL_5_FUTURE,CALYREX,CALYREX,,False
Tier 5,RAID_LEVEL_5_FUTURE,CALYREX_ICE_RIDER_FORM,CALYREX,ICE_RIDER,False
Tier 5,RAID_LEVEL_5_FUTURE,CALYREX_SHADOW_RIDER_FORM,CALYREX,SHADOW_RIDER,False
Tier 5,RAID_LEVEL_5_FUTURE,CELEBI,CELEBI,,False
Tier 5,RAID_LEVEL_5_FUTURE,CELEBI_SHADOW_FORM,CELEBI,,False
Tier 5,RAID_LEVEL_5_FUTURE,CHIENPAO,CHIENPAO,,False
Tier 5,RAID_LEVEL_5_FUTURE,CHIYU,CHIYU,,False
Tier 5,RAID_LEVEL_5_FUTURE,COBALION_SHADOW_FORM,COBALION,,False
Tier 5,RAID_LEVEL_5_FUTURE,COSMOEM,COSMOEM,,False
Tier 5,RAID_LEVEL_5_FUTURE,COSMOG,COSMOG,,False
Tier 5,RAID_LEVEL_5_FUTURE,CRESSELIA_SHADOW_FORM,CRESSELIA,,False
Tier 5,RAID_LEVEL_5_FUTURE,DARKRAI_SHADOW_FORM,DARKRAI,,False
Tier 5,RAID_LEVEL_5_FUTURE,DIALGA_SHADOW_FORM,DIALGA,,False
Tier 5,RAID_LEVEL_5_FUTURE,DIANCIE,DIANCIE,,False
Tier 5,RAID_LEVEL_5_FUTURE,ENAMORUS,ENAMORUS,,False
Tier 5,RAID_LEVEL_5_FUTURE,ENAMORUS_INCARNATE_FORM,ENAMORUS,INCARNATE,False
Tier 5,RAID_LEVEL_5_FUTURE,ENAMORUS_THERIAN_FORM,ENAMORUS,THERIAN,False
Tier 5,RAID_LEVEL_5_FUTURE,ENTEI_SHADOW_FORM,ENTEI,,False
Tier 5,RAID_LEVEL_5_FUTURE,ENTEI_S_FORM,ENTEI,S,False
Tier 5,RAID_LEVEL_5_FUTURE,ETERNATUS,ETERNATUS,,False
Tier 5,RAID_LEVEL_5_FUTURE,ETERNATUS_ETERNAMAX_FORM,ETERNATUS,ETERNAMAX,False
Tier 5,RAID_LEVEL_5_FUTURE,GIRATINA_SHADOW_FORM,GIRATINA,,False
Tier 5,RAID_LEVEL_5_FUTURE,GLASTRIER,GLASTRIER,,False
Tier 5,RAID_LEVEL_5_FUTURE,GROUDON_SHADOW_FORM,GROUDON,,False
Tier 5,RAID_LEVEL_5_FUTURE,HEATRAN_SHADOW_FORM,HEATRAN,,False
Tier 5,RAID_LEVEL_5_FUTURE,HO_OH_SHADOW_FORM,HO_OH,,False
Tier 5,RAID_LEVEL_5_FUTURE,HO_OH_S_FORM,HO_OH,S,False
Tier 5,RAID_LEVEL_5_FUTURE,JIRACHI,JIRACHI,,False
Tier 5,RAID_LEVEL_5_FUTURE,JIRACHI_SHADOW_FORM,JIRACHI,,False
Tier 5,RAID_LEVEL_5_FUTURE,KELDEO,KELDEO,,False
Tier 5,RAID_LEVEL_5_FUTURE,KELDEO_ORDINARY_FORM,KELDEO,ORDINARY,False
Tier 5,RAID_LEVEL_5_FUTURE,KELDEO_RESOLUTE_FORM,KELDEO,RESOLUTE,False
Tier 5,RAID_LEVEL_5_FUTURE,KORAIDON,KORAIDON,,False
Tier 5,RAID_LEVEL_5_FUTURE,KORAIDON_APEX_FORM,KORAIDON,APEX,False
Tier 5,RAID_LEVEL_5_FUTURE,KUBFU,KUBFU,,False
Tier 5,RAID_LEVEL_5_FUTURE,KYOGRE_SHADOW_FORM,KYOGRE,,False
Tier 5,RAID_LEVEL_5_FUTURE,KYUREM_BLACK_FORM,KYUREM,BLACK,False
Tier 5,RAID_LEVEL_5_FUTURE,KYUREM_WHITE_FORM,KYUREM,WHITE,False
Tier 5,RAID_LEVEL_5_FUTURE,LATIAS_SHADOW_FORM,LATIAS,,False
Tier 5,RAID_LEVEL_5_FUTURE,LATIAS_S_FORM,LATIAS,S,False
Tier 5,RAID_LEVEL_5_FUTURE,LATIOS_SHADOW_FORM,LATIOS,,False
Tier 5,RAID_LEVEL_5_FUTURE,LATIOS_S_FORM,LATIOS,S,False
Tier 5,RAID_LEVEL_5_FUTURE,LUGIA_SHADOW_FORM,LUGIA,,False
Tier 5,RAID_LEVEL_5_FUTURE,LUGIA_S_FORM,LUGIA,S,False
Tier 5,RAID_LEVEL_5_FUTURE,LUNALA,LUNALA,,False
Tier 5,RAID_LEVEL_5_FUTURE,MAGEARNA,MAGEARNA,,False
Tier 5,RAID_LEVEL_5_FUTURE,MAGEARNA_ORIGINAL_COLOR_FORM,MAGEARNA,ORIGINAL_COLOR,False
Tier 5,RAID_LEVEL_5_FUTURE,MANAPHY,MANAPHY,,False
Tier 5,RAID_LEVEL_5_FUTURE,MANAPHY_SHADOW_FORM,MANAPHY,,False
Tier 5,RAID_LEVEL_5_FUTURE,MARSHADOW,MARSHADOW,,False
Tier 5,RAID_LEVEL_5_FUTURE,MELMETAL,MELMETAL,,False
Tier 5,RAID_LEVEL_5_FUTURE,MELMETAL_SHADOW_FORM,MELMETAL,,False
Tier 5,RAID_LEVEL_5_FUTURE,MELOETTA,MELOETTA,,False
Tier 5,RAID_LEVEL_5_FUTURE,MELOETTA_ARIA_FORM,MELOETTA,ARIA,False
Tier 5,RAID_LEVEL_5_FUTURE,MELOETTA_PIROUETTE_FORM,MELOETTA,PIROUETTE,False
Tier 5,RAID_LEVEL_5_FUTURE,MELTAN,MELTAN,,False
Tier 5,RAID_LEVEL_5_FUTURE,MELTAN_SHADOW_FORM,MELTAN,,False
Tier 5,RAID_LEVEL_5_FUTURE,MESPRIT_SHADOW_FORM,MESPRIT,,False
Tier 5,RAID_LEVEL_5_FUTURE,MEW,MEW,,False
Tier 5,RAID_LEVEL_5_FUTURE,MEWTWO_SHADOW_FORM,MEWTWO,,False
Tier 5,RAID_LEVEL_5_FUTURE,MEW_SHADOW_FORM,MEW,,False
Tier 5,RAID_LEVEL_5_FUTURE,MIRAIDON,MIRAIDON,,False
Tier 5,RAID_LEVEL_5_FUTURE,MIRAIDON_ULTIMATE_FORM,MIRAIDON,ULTIMATE,False
Tier 5,RAID_LEVEL_5_FUTURE,MOLTRES_GALARIAN_FORM,MOLTRES,GALARIAN,False
Tier 5,RAID_LEVEL_5_FUTURE,MOLTRES_SHADOW_FORM,MOLTRES,,False
Tier 5,RAID_LEVEL_5_FUTURE,NECROZMA,NECROZMA,,False
Tier 5,RAID_LEVEL_5_FUTURE,NECROZMA_DAWN_WINGS_FORM,NECROZMA,DAWN_WINGS,False
Tier 5,RAID_LEVEL_5_FUTURE,NECROZMA_DUSK_MANE_FORM,NECROZMA,DUSK_MANE,False
Tier 5,RAID_LEVEL_5_FUTURE,NECROZMA_ULTRA_FORM,NECROZMA,ULTRA,False
Tier 5,RAID_LEVEL_5_FUTURE,PALKIA_SHADOW_FORM,PALKIA,,False
Tier 5,RAID_LEVEL_5_FUTURE,PHIONE,PHIONE,,False
Tier 5,RAID_LEVEL_5_FUTURE,PHIONE_SHADOW_FORM,PHIONE,,False
Tier 5,RAID_LEVEL_5_FUTURE,RAIKOU_SHADOW_FORM,RAIKOU,,False
Tier 5,RAID_LEVEL_5_FUTURE,RAIKOU_S_FORM,RAIKOU,S,False
Tier 5,RAID_LEVEL_5_FUTURE,RAYQUAZA_SHADOW_FORM,RAYQUAZA,,False
Tier 5,RAID_LEVEL_5_FUTURE,REGICE_SHADOW_FORM,REGICE,,False
Tier 5,RAID_LEVEL_5_FUTURE,REGIGIGAS_SHADOW_FORM,REGIGIGAS,,False
Tier 5,RAID_LEVEL_5_FUTURE,REGIROCK_SHADOW_FORM,REGIROCK,,False
Tier 5,RAID_LEVEL_5_FUTURE,REGISTEEL_SHADOW_FORM,REGISTEEL,,False
Tier 5,RAID_LEVEL_5_FUTURE,RESHIRAM_SHADOW_FORM,RESHIRAM,,False
Tier 5,RAID_LEVEL_5_FUTURE,SHAYMIN,SHAYMIN,,False
Tier 5,RAID_LEVEL_5_FUTURE,SHAYMIN_LAND_FORM,SHAYMIN,LAND,False
Tier 5,RAID_LEVEL_5_FUTURE,SHAYMIN_SHADOW_FORM,SHAYMIN,,False
Tier 5,RAID_LEVEL_5_FUTURE,SHAYMIN_SKY_FORM,SHAYMIN,SKY,False
Tier 5,RAID_LEVEL_5_FUTURE,SOLGALEO,SOLGALEO,,False
Tier 5,RAID_LEVEL_5_FUTURE,SPECTRIER,SPECTRIER,,False
Tier 5,RAID_LEVEL_5_FUTURE,SUICUNE_SHADOW_FORM,SUICUNE,,False
Tier 5,RAID_LEVEL_5_FUTURE,SUICUNE_S_FORM,SUICUNE,S,False
Tier 5,RAID_LEVEL_5_FUTURE,TERRAKION_SHADOW_FORM,TERRAKION,,False
Tier 5,RAID_LEVEL_5_FUTURE,TINGLU,TINGLU,,False
Tier 5,RAID_LEVEL_5_FUTURE,URSHIFU,URSHIFU,,False
Tier 5,RAID_LEVEL_5_FUTURE,URSHIFU_RAPID_STRIKE_FORM,URSHIFU,RAPID_STRIKE,False
Tier 5,RAID_LEVEL_5_FUTURE,URSHIFU_SINGLE_STRIKE_FORM,URSHIFU,SINGLE_STRIKE,False
Tier 5,RAID_LEVEL_5_FUTURE,UXIE_SHADOW_FORM,UXIE,,False
Tier 5,RAID_LEVEL_5_FUTURE,VICTINI,VICTINI,,False
Tier 5,RAID_LEVEL_5_FUTURE,VICTINI_SHADOW_FORM,VICTINI,,False
Tier 5,RAID_LEVEL_5_FUTURE,VIRIZION_SHADOW_FORM,VIRIZION,,False
Tier 5,RAID_LEVEL_5_FUTURE,VOLCANION,VOLCANION,,False
Tier 5,RAID_LEVEL_5_FUTURE,WOCHIEN,WOCHIEN,,False
Tier 5,RAID_LEVEL_5_FUTURE,ZACIAN_CROWNED_SWORD_FORM,ZACIAN,CROWNED_SWORD,False
Tier 5,RAID_LEVEL_5_FUTURE,ZAMAZENTA_CROWNED_SHIELD_FORM,ZAMAZENTA,CROWNED_SHIELD,False
Tier 5,RAID_LEVEL_5_FUTURE,ZAPDOS_GALARIAN_FORM,ZAPDOS,GALARIAN,False
Tier 5,RAID_LEVEL_5_FUTURE,ZAPDOS_SHADOW_FORM,ZAPDOS,,False
Tier 5,RAID_LEVEL_5_FUTURE,ZARUDE,ZARUDE,,False
Tier 5,RAID_LEVEL_5_FUTURE,ZEKROM_SHADOW_FORM,ZEKROM,,False
Tier 5,RAID_LEVEL_5_FUTURE,ZERAORA,ZERAORA,,False
Tier 5,RAID_LEVEL_5_FUTURE,ZYGARDE,ZYGARDE,,False
Tier 5,RAID_LEVEL_5_FUTURE,ZYGARDE_COMPLETE_FIFTY_PERCENT_FORM,ZYGARDE,COMPLETE_FIFTY_PERCENT,False
Tier 5,RAID_LEVEL_5_FUTURE,ZYGARDE_COMPLETE_FORM,ZYGARDE,COMPLETE,False
Tier 5,RAID_LEVEL_5_FUTURE,ZYGARDE_COMPLETE_TEN_PERCENT_FORM,ZYGARDE,COMPLETE_TEN_PERCENT,False
Tier 5,RAID_LEVEL_5_FUTURE,ZYGARDE_FIFTY_PERCENT_FORM,ZYGARDE,FIFTY_PERCENT,False
Tier 5,RAID_LEVEL_5_FUTURE,ZYGARDE_TEN_PERCENT_FORM,ZYGARDE,TEN_PERCENT,False
Tier 5,RAID_LEVEL_5_LEGACY,ARTICUNO,ARTICUNO,,False
Tier 5,RAID_LEVEL_5_LEGACY,AZELF,AZELF,,False
Tier 5,RAID_LEVEL_5_LEGACY,COBALION,COBALION,,False
Tier 5,RAID_LEVEL_5_LEGACY,CRESSELIA,CRESSELIA,,False
Tier 5,RAID_LEVEL_5_LEGACY,DARKRAI,DARKRAI,,False
Tier 5,RAID_LEVEL_5_LEGACY,DEOXYS,DEOXYS,,False
Tier 5,RAID_LEVEL_5_LEGACY,DEOXYS_ATTACK_FORM,DEOXYS,ATTACK,False
Tier 5,RAID_LEVEL_5_LEGACY,DEOXYS_DEFENSE_FORM,DEOXYS,DEFENSE,False
Tier 5,RAID_LEVEL_5_LEGACY,DEOXYS_SPEED_FORM,DEOXYS,SPEED,False
Tier 5,RAID_LEVEL_5_LEGACY,DIALGA,DIALGA,,False
Tier 5,RAID_LEVEL_5_LEGACY,DIALGA_ORIGIN_FORM,DIALGA,ORIGIN,False
Tier 5,RAID_LEVEL_5_LEGACY,ENTEI,ENTEI,,False
Tier 5,RAID_LEVEL_5_LEGACY,GENESECT,GENESECT,,False
Tier 5,RAID_LEVEL_5_LEGACY,GENESECT_BURN_FORM,GENESECT,BURN,False
Tier 5,RAID_LEVEL_5_LEGACY,GENESECT_CHILL_FORM,GENESECT,CHILL,False
Tier 5,RAID_LEVEL_5_LEGACY,GENESECT_DOUSE_FORM,GENESECT,DOUSE,False
Tier 5,RAID_LEVEL_5_LEGACY,GENESECT_SHOCK_FORM,GENESECT,SHOCK,False
Tier 5,RAID_LEVEL_5_LEGACY,GIRATINA,GIRATINA,,False
Tier 5,RAID_LEVEL_5_LEGACY,GIRATINA_ALTERED_FORM,GIRATINA,ALTERED,False
Tier 5,RAID_LEVEL_5_LEGACY,GIRATINA_ORIGIN_FORM,GIRATINA,ORIGIN,False
Tier 5,RAID_LEVEL_5_LEGACY,GROUDON,GROUDON,,False
Tier 5,RAID_LEVEL_5_LEGACY,HEATRAN,HEATRAN,,False
Tier 5,RAID_LEVEL_5_LEGACY,HO_OH,HO_OH,,False
Tier 5,RAID_LEVEL_5_LEGACY,KYOGRE,KYOGRE,,False
Tier 5,RAID_LEVEL_5_LEGACY,KYUREM,KYUREM,,False
Tier 5,RAID_LEVEL_5_LEGACY,LANDORUS,LANDORUS,,False
Tier 5,RAID_LEVEL_5_LEGACY,LANDORUS_INCARNATE_FORM,LANDORUS,INCARNATE,False
Tier 5,RAID_LEVEL_5_LEGACY,LANDORUS_THERIAN_FORM,LANDORUS,THERIAN,False
Tier 5,RAID_LEVEL_5_LEGACY,LATIAS,LATIAS,,False
Tier 5,RAID_LEVEL_5_LEGACY,LATIOS,LATIOS,,False
Tier 5,RAID_LEVEL_5_LEGACY,LUGIA,LUGIA,,False
Tier 5,RAID_LEVEL_5_LEGACY,MESPRIT,MESPRIT,,False
Tier 5,RAID_LEVEL_5_LEGACY,MEWTWO,MEWTWO,,False
Tier 5,RAID_LEVEL_5_LEGACY,MEWTWO_A_FORM,MEWTWO,A,False
Tier 5,RAID_LEVEL_5_LEGACY,MOLTRES,MOLTRES,,False
Tier 5,RAID_LEVEL_5_LEGACY,PALKIA,PALKIA,,False
Tier 5,RAID_LEVEL_5_LEGACY,PALKIA_ORIGIN_FORM,PALKIA,ORIGIN,False
Tier 5,RAID_LEVEL_5_LEGACY,RAIKOU,RAIKOU,,False
Tier 5,RAID_LEVEL_5_LEGACY,RAYQUAZA,RAYQUAZA,,False
Tier 5,RAID_LEVEL_5_LEGACY,REGICE,REGICE,,False
Tier 5,RAID_LEVEL_5_LEGACY,REGIDRAGO,REGIDRAGO,,False
Tier 5,RAID_LEVEL_5_LEGACY,REGIELEKI,REGIELEKI,,False
Tier 5,RAID_LEVEL_5_LEGACY,REGIGIGAS,REGIGIGAS,,False
Tier 5,RAID_LEVEL_5_LEGACY,REGIROCK,REGIROCK,,False
Tier 5,RAID_LEVEL_5_LEGACY,REGISTEEL,REGISTEEL,,False
Tier 5,RAID_LEVEL_5_LEGACY,RESHIRAM,RESHIRAM,,False
Tier 5,RAID_LEVEL_5_LEGACY,SUICUNE,SUICUNE,,False
Tier 5,RAID_LEVEL_5_LEGACY,TAPU_BULU,TAPU_BULU,,False
Tier 5,RAID_LEVEL_5_LEGACY,TAPU_FINI,TAPU_FINI,,False
Tier 5,RAID_LEVEL_5_LEGACY,TAPU_KOKO,TAPU_KOKO,,False
Tier 5,RAID_LEVEL_5_LEGACY,TAPU_LELE,TAPU_LELE,,False
Tier 5,RAID_LEVEL_5_LEGACY,TERRAKION,TERRAKION,,False
Tier 5,RAID_LEVEL_5_LEGACY,THUNDURUS,THUNDURUS,,False
Tier 5,RAID_LEVEL_5_LEGACY,THUNDURUS_INCARNATE_FORM,THUNDURUS,INCARNATE,False
Tier 5,RAID_LEVEL_5_LEGACY,THUNDURUS_THERIAN_FORM,THUNDURUS,THERIAN,False
Tier 5,RAID_LEVEL_5_LEGACY,TORNADUS,TORNADUS,,False
Tier 5,RAID_LEVEL_5_LEGACY,TORNADUS_INCARNATE_FORM,TORNADUS,INCARNATE,False
Tier 5,RAID_LEVEL_5_LEGACY,TORNADUS_THERIAN_FORM,TORNADUS,THERIAN,False
Tier 5,RAID_LEVEL_5_LEGACY,UXIE,UXIE,,False
Tier 5,RAID_LEVEL_5_LEGACY,VIRIZION,VIRIZION,,False
Tier 5,RAID_LEVEL_5_LEGACY,YVELTAL,YVELTAL,,False
Tier 5,RAID_LEVEL_5_LEGACY,ZACIAN,ZACIAN,,False
Tier 5,RAID_LEVEL_5_LEGACY,ZACIAN_HERO_FORM,ZACIAN,HERO,False
Tier 5,RAID_LEVEL_5_LEGACY,ZAMAZENTA,ZAMAZENTA,,False
Tier 5,RAID_LEVEL_5_LEGACY,ZAMAZENTA_HERO_FORM,ZAMAZENTA,HERO,False
Tier 5,RAID_LEVEL_5_LEGACY,ZAPDOS,ZAPDOS,,False
Tier 5,RAID_LEVEL_5_LEGACY,ZEKROM,ZEKROM,,False
Shadow Tier 5,RAID_LEVEL_5_SHADOW,SUICUNE_SHADOW_FORM,SUICUNE,,False
Shadow Tier 5,RAID_LEVEL_5_SHADOW_LEGACY,ARTICUNO_SHADOW_FORM,ARTICUNO,,False
Shadow Tier 5,RAID_LEVEL_5_SHADOW_LEGACY,ENTEI_SHADOW_FORM,ENTEI,,False
Shadow Tier 5,RAID_LEVEL_5_SHADOW_LEGACY,HO_OH_SHADOW_FORM,HO_OH,,False
Shadow Tier 5,RAID_LEVEL_5_SHADOW_LEGACY,LATIAS_SHADOW_FORM,LATIAS,,False
Shadow Tier 5,RAID_LEVEL_5_SHADOW_LEGACY,LATIAS_S_FORM,LATIAS,S,False
Shadow Tier 5,RAID_LEVEL_5_SHADOW_LEGACY,LATIOS_SHADOW_FORM,LATIOS,,False
Shadow Tier 5,RAID_LEVEL_5_SHADOW_LEGACY,LATIOS_S_FORM,LATIOS,S,False
Shadow Tier 5,RAID_LEVEL_5_SHADOW_LEGACY,LUGIA_SHADOW_FORM,LUGIA,,False
Shadow Tier 5,RAID_LEVEL_5_SHADOW_LEGACY,MEWTWO_SHADOW_FORM,MEWTWO,,False
Shadow Tier 5,RAID_LEVEL_5_SHADOW_LEGACY,MOLTRES_SHADOW_FORM,MOLTRES,,False
Shadow Tier 5,RAID_LEVEL_5_SHADOW_LEGACY,RAIKOU_SHADOW_FORM,RAIKOU,,False
Shadow Tier 5,RAID_LEVEL_5_SHADOW_LEGACY,SUICUNE_SHADOW_FORM,SUICUNE,,False
Shadow Tier 5,RAID_LEVEL_5_SHADOW_LEGACY,ZAPDOS_SHADOW_FORM,ZAPDOS,,False
Elite Tier,RAID_LEVEL_ELITE_FUTURE,HOOPA,HOOPA,,False
Elite Tier,RAID_LEVEL_ELITE_FUTURE,HOOPA_CONFINED_FORM,HOOPA,CONFINED,False
Elite Tier,RAID_LEVEL_ELITE_FUTURE,HOOPA_UNBOUND_FORM,HOOPA,UNBOUND,False
Elite Tier,RAID_LEVEL_ELITE_LEGACY,ENAMORUS,ENAMORUS,,False
Elite Tier,RAID_LEVEL_ELITE_LEGACY,ENAMORUS_INCARNATE_FORM,ENAMORUS,INCARNATE,False
Mega Tier,RAID_LEVEL_MEGA,SALAMENCE_MEGA,SALAMENCE,,True
Mega Legendary Tier,RAID_LEVEL_MEGA_5_FUTURE,MEWTWO_MEGA_X,MEWTWO,,True
Mega Legendary Tier,RAID_LEVEL_MEGA_5_FUTURE,MEWTWO_MEGA_Y,MEWTWO,,True
Mega Legendary Tier,RAID_LEVEL_MEGA_5_LEGACY,DIANCIE_MEGA,DIANCIE,,True
Mega Legendary Tier,RAID_LEVEL_MEGA_5_LEGACY,GROUDON_PRIMAL,GROUDON,,False
Mega Legendary Tier,RAID_LEVEL_MEGA_5_LEGACY,KYOGRE_PRIMAL,KYOGRE,,False
Mega Legendary Tier,RAID_LEVEL_MEGA_5_LEGACY,LATIAS_MEGA,LATIAS,,True
Mega Legendary Tier,RAID_LEVEL_MEGA_5_LEGACY,LATIOS_MEGA,LATIOS,,True
Mega Legendary Tier,RAID_LEVEL_MEGA_5_LEGACY,RAYQUAZA_MEGA,RAYQUAZA,,True
Mega Tier,RAID_LEVEL_MEGA_FUTURE,AUDINO_MEGA,AUDINO,,True
Mega Tier,RAID_LEVEL_MEGA_FUTURE,CAMERUPT_MEGA,CAMERUPT,,True
Mega Tier,RAID_LEVEL_MEGA_FUTURE,GALLADE_MEGA,GALLADE,,True
Mega Tier,RAID_LEVEL_MEGA_FUTURE,LUCARIO_MEGA,LUCARIO,,True
Mega Tier,RAID_LEVEL_MEGA_FUTURE,MAWILE_MEGA,MAWILE,,True
Mega Tier,RAID_LEVEL_MEGA_FUTURE,METAGROSS_MEGA,METAGROSS,,True
Mega Tier,RAID_LEVEL_MEGA_FUTURE,SHARPEDO_MEGA,SHARPEDO,,True
Mega Tier,RAID_LEVEL_MEGA_LEGACY,ABOMASNOW_MEGA,ABOMASNOW,,True
Mega Tier,RAID_LEVEL_MEGA_LEGACY,ABSOL_MEGA,ABSOL,,True
Mega Tier,RAID_LEVEL_MEGA_LEGACY,AERODACTYL_MEGA,AERODACTYL,,True
Mega Tier,RAID_LEVEL_MEGA_LEGACY,AGGRON_MEGA,AGGRON,,True
Mega Tier,RAID_LEVEL_MEGA_LEGACY,ALAKAZAM_MEGA,ALAKAZAM,,True
Mega Tier,RAID_LEVEL_MEGA_LEGACY,ALTARIA_MEGA,ALTARIA,,True
Mega Tier,RAID_LEVEL_MEGA_LEGACY,AMPHAROS_MEGA,AMPHAROS,,True
Mega Tier,RAID_LEVEL_MEGA_LEGACY,BANETTE_MEGA,BANETTE,,True
Mega Tier,RAID_LEVEL_MEGA_LEGACY,BEEDRILL_MEGA,BEEDRILL,,True
Mega Tier,RAID_LEVEL_MEGA_LEGACY,BLASTOISE_MEGA,BLASTOISE,,True
Mega Tier,RAID_LEVEL_MEGA_LEGACY,BLAZIKEN_MEGA,BLAZIKEN,,True
Mega Tier,RAID_LEVEL_MEGA_LEGACY,CHARIZARD_MEGA_X,CHARIZARD,,True
Mega Tier,RAID_LEVEL_MEGA_LEGACY,CHARIZARD_MEGA_Y,CHARIZARD,,True
Mega Tier,RAID_LEVEL_MEGA_LEGACY,GARCHOMP_MEGA,GARCHOMP,,True
Mega Tier,RAID_LEVEL_MEGA_LEGACY,GARDEVOIR_MEGA,GARDEVOIR,,True
Mega Tier,RAID_LEVEL_MEGA_LEGACY,GENGAR_MEGA,GENGAR,,True
Mega Tier,RAID_LEVEL_MEGA_LEGACY,GLALIE_MEGA,GLALIE,,True
Mega Tier,RAID_LEVEL_MEGA_LEGACY,GYARADOS_MEGA,GYARADOS,,True
Mega Tier,RAID_LEVEL_MEGA_LEGACY,HERACROSS_MEGA,HERACROSS,,True
Mega Tier,RAID_LEVEL_MEGA_LEGACY,HOUNDOOM_MEGA,HOUNDOOM,,True
Mega Tier,RAID_LEVEL_MEGA_LEGACY,KANGASKHAN_MEGA,KANGASKHAN,,True
Mega Tier,RAID_LEVEL_MEGA_LEGACY,LOPUNNY_MEGA,LOPUNNY,,True
Mega Tier,RAID_LEVEL_MEGA_LEGACY,MANECTRIC_MEGA,MANECTRIC,,True
Mega Tier,RAID_LEVEL_MEGA_LEGACY,MEDICHAM_MEGA,MEDICHAM,,True
Mega Tier,RAID_LEVEL_MEGA_LEGACY,PIDGEOT_MEGA,PIDGEOT,,True
Mega Tier,RAID_LEVEL_MEGA_LEGACY,PINSIR_MEGA,PINSIR,,True
Mega Tier,RAID_LEVEL_MEGA_LEGACY,SABLEYE_MEGA,SABLEYE,,True
Mega Tier,RAID_LEVEL_MEGA_LEGACY,SCEPTILE_MEGA,SCEPTILE,,True
Mega Tier,RAID_LEVEL_MEGA_LEGACY,SCIZOR_MEGA,SCIZOR,,True
Mega Tier,RAID_LEVEL_MEGA_LEGACY,SLOWBRO_MEGA,SLOWBRO,,True
Mega Tier,RAID_LEVEL_MEGA_LEGACY,STEELIX_MEGA,STEELIX,,True
Mega Tier,RAID_LEVEL_MEGA_LEGACY,SWAMPERT_MEGA,SWAMPERT,,True
Mega Tier,RAID_LEVEL_MEGA_LEGACY,TYRANITAR_MEGA,TYRANITAR,,True
Mega Tier,RAID_LEVEL_MEGA_LEGACY,VENUSAUR_MEGA,VENUSAUR,,True
Ultra Beast Tier,RAID_LEVEL_ULTRA_BEAST_LEGACY,BLACEPHALON,BLACEPHALON,,False
Ultra Beast Tier,RAID_LEVEL_ULTRA_BEAST_LEGACY,BUZZWOLE,BUZZWOLE,,False
Ultra Beast Tier,RAID_LEVEL_ULTRA_BEAST_LEGACY,CELESTEELA,CELESTEELA,,False
Ultra Beast Tier,RAID_LEVEL_ULTRA_BEAST_LEGACY,GUZZLORD,GUZZLORD,,False
Ultra Beast Tier,RAID_LEVEL_ULTRA_BEAST_LEGACY,KARTANA,KARTANA,,False
Ultra Beast Tier,RAID_LEVEL_ULTRA_BEAST_LEGACY,NAGANADEL,NAGANADEL,,False
Ultra Beast Tier,RAID_LEVEL_ULTRA_BEAST_LEGACY,NIHILEGO,NIHILEGO,,False
Ultra Beast Tier,RAID_LEVEL_ULTRA_BEAST_LEGACY,PHEROMOSA,PHEROMOSA,,False
Ultra Beast Tier,RAID_LEVEL_ULTRA_BEAST_LEGACY,POIPOLE,POIPOLE,,False
Ultra Beast Tier,RAID_LEVEL_ULTRA_BEAST_LEGACY,STAKATAKA,STAKATAKA,,False
Ultra Beast Tier,RAID_LEVEL_ULTRA_BEAST_LEGACY,XURKITREE,XURKITREE,,False
