Attacker,Attacker Fast Move,Attacker Charged Move,Attacker Level,Attacker IV,Boss,Boss Fast Move,Boss Charged Move,Estimator,Time to Win,Deaths,Estimator Unscaled
MOLTRES_SHADOW_FORM,WING_ATTACK_FAST,SKY_ATTACK,40,15/15/15,SHAYMIN,RANDOM,RANDOM,1.0,437339,11.732626710641082,1.5342264
MOLTRES_SHADOW_FORM,FIRE_SPIN_FAST,SKY_ATTACK,40,15/15/15,SHAYMIN,RANDOM,RANDOM,1.056305314522029,461716,12.40831695103603,1.6206115
PIDGEOT_MEGA,GUST_FAST,BRAVE_BIRD,40,15/15/15,SHAYMIN,RANDOM,RANDOM,1.0757776687977734,467145,15.69228326849559,1.6504865
HO_OH_SHADOW_FORM,HIDDEN_POWER_FLYING_FAST,BRAVE_BIRD,40,15/15/15,SHAYMIN,RANDOM,RANDOM,1.0937479631428582,489509,9.826291387397601,1.678057
PIDGEOT_MEGA,WING_ATTACK_FAST,BRAVE_BIRD,40,15/15/15,SHAYMIN,RANDOM,RANDOM,1.11207596219176,482939,16.3905511265712,1.7061763
HO_OH_SHADOW_FORM,INCINERATE_FAST,BRAVE_BIRD,40,15/15/15,SHAYMIN,RANDOM,RANDOM,1.112935939571891,498692,9.968159821043695,1.7074957
HONCHKROW_SHADOW_FORM,PECK_FAST,SKY_ATTACK,40,15/15/15,SHAYMIN,RANDOM,RANDOM,1.1173296848496415,468137,22.810908247009397,1.7142367
PIDGEOT_MEGA,AIR_SLASH_FAST,BRAVE_BIRD,40,15/15/15,SHAYMIN,RANDOM,RANDOM,1.1610652769369632,503737,17.07903767451692,1.781337
STARAPTOR_SHADOW_FORM,WING_ATTACK_FAST,BRAVE_BIRD,40,15/15/15,SHAYMIN,RANDOM,RANDOM,1.1637628579458679,492483,22.399992411505103,1.7854757
HO_OH_SHADOW_FORM,HIDDEN_POWER_FIRE_FAST,BRAVE_BIRD,40,15/15/15,SHAYMIN,RANDOM,RANDOM,1.1743992933507075,525611,10.572241917092475,1.8017944
HONCHKROW_SHADOW_FORM,PECK_FAST,BRAVE_BIRD,40,15/15/15,SHAYMIN,RANDOM,RANDOM,1.186017396128759,496550,24.356069586649888,1.8196192
MOLTRES,WING_ATTACK_FAST,SKY_ATTACK,40,15/15/15,SHAYMIN,RANDOM,RANDOM,1.2033531035575975,531620,12.166325498396686,1.8462161
HONCHKROW_SHADOW_FORM,SNARL_FAST,SKY_ATTACK,40,15/15/15,SHAYMIN,RANDOM,RANDOM,1.2083098035596311,506519,24.69522860594558,1.8538208
LUGIA_SHADOW_FORM,EXTRASENSORY_FAST,AEROBLAST_PLUS,40,15/15/15,SHAYMIN,RANDOM,RANDOM,1.2175923318748785,549851,10.009895728407715,1.8680623
PIDGEOT_MEGA,GUST_FAST,HURRICANE,40,15/15/15,SHAYMIN,RANDOM,RANDOM,1.2323569063861761,535425,18.023793882268762,1.8907145
MOLTRES,FIRE_SPIN_FAST,SKY_ATTACK,40,15/15/15,SHAYMIN,RANDOM,RANDOM,1.2399079431823101,547576,12.564497361107401,1.9022995
ZAPDOS_SHADOW_FORM,THUNDER_SHOCK_FAST,DRILL_PECK,40,15/15/15,SHAYMIN,RANDOM,RANDOM,1.2552816846327244,546537,18.288720733194932,1.9258863
RAYQUAZA,AIR_SLASH_FAST,HURRICANE,40,15/15/15,SHAYMIN,RANDOM,RANDOM,1.2553557284635437,554246,12.98639573115174,1.9259999
ZAPDOS_SHADOW_FORM,CHARGE_BEAM_FAST,DRILL_PECK,40,15/15/15,SHAYMIN,RANDOM,RANDOM,1.2623725546633795,549296,18.347446523609932,1.9367653
HO_OH_SHADOW_FORM,HIDDEN_POWER_POISON_FAST,BRAVE_BIRD,40,15/15/15,SHAYMIN,RANDOM,RANDOM,1.267809301156596,567235,11.413886263649092,1.9451065
HO_OH_SHADOW_FORM,HIDDEN_POWER_ICE_FAST,BRAVE_BIRD,40,15/15/15,SHAYMIN,RANDOM,RANDOM,1.267809301156596,567235,11.413886263649092,1.9451065
HO_OH_SHADOW_FORM,HIDDEN_POWER_BUG_FAST,BRAVE_BIRD,40,15/15/15,SHAYMIN,RANDOM,RANDOM,1.267809301156596,567235,11.413886263649092,1.9451065
HO_OH,HIDDEN_POWER_FLYING_FAST,BRAVE_BIRD,40,15/15/15,SHAYMIN,RANDOM,RANDOM,1.274762055978179,578366,10.193534542307628,1.9557736
HO_OH_SHADOW_FORM,EXTRASENSORY_FAST,BRAVE_BIRD,40,15/15/15,SHAYMIN,RANDOM,RANDOM,1.2798792277332733,573133,11.494699775568506,1.9636245
PIDGEOT_MEGA,WING_ATTACK_FAST,HURRICANE,40,15/15/15,SHAYMIN,RANDOM,RANDOM,1.2955354568269715,562256,19.03149159048468,1.9876447
HONCHKROW,PECK_FAST,SKY_ATTACK,40,15/15/15,SHAYMIN,RANDOM,RANDOM,1.2969638640033831,555492,23.044709932373316,1.9898362
PIDGEOT_MEGA,GUST_FAST,AERIAL_ACE,40,15/15/15,SHAYMIN,RANDOM,RANDOM,1.2977256811641358,564430,18.732064025425014,1.991005
YVELTAL,GUST_FAST,HURRICANE,40,15/15/15,SHAYMIN,RANDOM,RANDOM,1.3053412455945226,574699,13.746249873286022,2.002689
RAYQUAZA,AIR_SLASH_FAST,AERIAL_ACE,40,15/15/15,SHAYMIN,RANDOM,RANDOM,1.3061497312261086,576736,13.343105836072253,2.0039294
PIDGEOT_MEGA,AIR_SLASH_FAST,HURRICANE,40,15/15/15,SHAYMIN,RANDOM,RANDOM,1.310327145980541,568765,19.224057071443553,2.0103385
HO_OH,INCINERATE_FAST,BRAVE_BIRD,40,15/15/15,SHAYMIN,RANDOM,RANDOM,1.3113651283800096,595236,10.432097542063145,2.011931
LUGIA_SHADOW_FORM,EXTRASENSORY_FAST,AEROBLAST,40,15/15/15,SHAYMIN,RANDOM,RANDOM,1.3118135628483514,592348,10.778081665319183,2.012619
HONCHKROW_SHADOW_FORM,SNARL_FAST,BRAVE_BIRD,40,15/15/15,SHAYMIN,RANDOM,RANDOM,1.3147939573976826,550554,27.015860665227923,2.0171916
STARAPTOR,WING_ATTACK_FAST,BRAVE_BIRD,40,15/15/15,SHAYMIN,RANDOM,RANDOM,1.3249178869559277,572715,22.069617002546842,2.032724
DRAGONITE_SHADOW_FORM,DRAGON_TAIL_FAST,HURRICANE,40,15/15/15,SHAYMIN,RANDOM,RANDOM,1.327629220824254,583544,14.51893884599931,2.0368838
STARAPTOR_SHADOW_FORM,QUICK_ATTACK_FAST,BRAVE_BIRD,40,15/15/15,SHAYMIN,RANDOM,RANDOM,1.3345164051407277,564719,25.71236177340243,2.0474503
LUGIA,EXTRASENSORY_FAST,AEROBLAST_PLUS_PLUS,40,15/15/15,SHAYMIN,RANDOM,RANDOM,1.33677760987557,609976,9.666349852218717,2.0509195
PIDGEOT_MEGA,AIR_SLASH_FAST,AERIAL_ACE,40,15/15/15,SHAYMIN,RANDOM,RANDOM,1.3505570625039434,587989,19.465533483864654,2.0720603
DRAGONITE_SHADOW_FORM,DRAGON_BREATH_FAST,HURRICANE,40,15/15/15,SHAYMIN,RANDOM,RANDOM,1.3550344981679368,595651,14.832507043008595,2.0789297
PIDGEOT_MEGA,WING_ATTACK_FAST,AERIAL_ACE,40,15/15/15,SHAYMIN,RANDOM,RANDOM,1.3568001437076038,589624,19.662009493763975,2.0816386
HONCHKROW,PECK_FAST,BRAVE_BIRD,40,15/15/15,SHAYMIN,RANDOM,RANDOM,1.3669356100247003,585096,24.45368420081469,2.0971887
UNFEZANT,AIR_SLASH_FAST,SKY_ATTACK,40,15/15/15,SHAYMIN,RANDOM,RANDOM,1.3749985008731436,594752,22.973816831369785,2.109559
LUGIA_SHADOW_FORM,DRAGON_TAIL_FAST,AEROBLAST_PLUS,40,15/15/15,SHAYMIN,RANDOM,RANDOM,1.3767753572745194,622132,11.300103245032686,2.1122851
TORNADUS,AIR_SLASH_FAST,HURRICANE,40,15/15/15,SHAYMIN,RANDOM,RANDOM,1.380822152454162,599325,20.668854828386834,2.1184938
HONCHKROW,SNARL_FAST,SKY_ATTACK,40,15/15/15,SHAYMIN,RANDOM,RANDOM,1.3811414664745698,591752,24.38777572357687,2.1189837
PIDGEOT_MEGA,GUST_FAST,AIR_CUTTER,40,15/15/15,SHAYMIN,RANDOM,RANDOM,1.3837556178149457,601962,19.991950489015025,2.1229944
LUGIA_SHADOW_FORM,EXTRASENSORY_FAST,SKY_ATTACK,40,15/15/15,SHAYMIN,RANDOM,RANDOM,1.3856132967077088,625105,11.402515782823873,2.1258445
BRAVIARY,AIR_SLASH_FAST,BRAVE_BIRD,40,15/15/15,SHAYMIN,RANDOM,RANDOM,1.3860923655074637,601706,20.225825352971476,2.1265795
HO_OH,HIDDEN_POWER_FIRE_FAST,BRAVE_BIRD,40,15/15/15,SHAYMIN,RANDOM,RANDOM,1.3888948853963143,630309,11.063979637057777,2.1308792
SCYTHER_SHADOW_FORM,AIR_SLASH_FAST,AERIAL_ACE,40,15/15/15,SHAYMIN,RANDOM,RANDOM,1.4231608842084844,620799,19.848465282596788,2.183451
TORNADUS_THERIAN_FORM,GUST_FAST,HURRICANE,40,15/15/15,SHAYMIN,RANDOM,RANDOM,1.4425971942602474,628068,20.08730934345393,2.2132707
RAYQUAZA,DRAGON_TAIL_FAST,AERIAL_ACE,40,15/15/15,SHAYMIN,RANDOM,RANDOM,1.4653001669114807,647687,14.97328010260898,2.2481022
HONCHKROW,SNARL_FAST,BRAVE_BIRD,40,15/15/15,SHAYMIN,RANDOM,RANDOM,1.469512583019038,629257,26.229928633002064,2.254565
ZAPDOS,THUNDER_SHOCK_FAST,DRILL_PECK,40,15/15/15,SHAYMIN,RANDOM,RANDOM,1.4778370389142046,645429,18.75857756689739,2.2673366
RAYQUAZA,DRAGON_TAIL_FAST,HURRICANE,40,15/15/15,SHAYMIN,RANDOM,RANDOM,1.4778724965233292,653015,15.252084605443487,2.267391
LUGIA,DRAGON_TAIL_FAST,AEROBLAST_PLUS_PLUS,40,15/15/15,SHAYMIN,RANDOM,RANDOM,1.4788540987171124,675563,10.641040537906031,2.268897
LUGIA_SHADOW_FORM,DRAGON_TAIL_FAST,AEROBLAST,40,15/15/15,SHAYMIN,RANDOM,RANDOM,1.4842194737360797,670665,12.175454204525568,2.2771287
HO_OH,HIDDEN_POWER_POISON_FAST,BRAVE_BIRD,40,15/15/15,SHAYMIN,RANDOM,RANDOM,1.4856929850770395,674115,11.825751495323738,2.2793894
HO_OH,HIDDEN_POWER_ICE_FAST,BRAVE_BIRD,40,15/15/15,SHAYMIN,RANDOM,RANDOM,1.4856929850770395,674115,11.825751495323738,2.2793894
HO_OH,HIDDEN_POWER_BUG_FAST,BRAVE_BIRD,40,15/15/15,SHAYMIN,RANDOM,RANDOM,1.4856929850770395,674115,11.825751495323738,2.2793894
ZAPDOS,CHARGE_BEAM_FAST,DRILL_PECK,40,15/15/15,SHAYMIN,RANDOM,RANDOM,1.5044213813554506,657077,19.086395842061,2.308123
HO_OH,EXTRASENSORY_FAST,BRAVE_BIRD,40,15/15/15,SHAYMIN,RANDOM,RANDOM,1.5115673931826488,685926,12.058310914680446,2.3190866
LUGIA_SHADOW_FORM,DRAGON_TAIL_FAST,SKY_ATTACK,40,15/15/15,SHAYMIN,RANDOM,RANDOM,1.535486809508688,693614,12.622099554390495,2.3557844
SCYTHER_SHADOW_FORM,FURY_CUTTER_FAST,AERIAL_ACE,40,15/15/15,SHAYMIN,RANDOM,RANDOM,1.5355396700252324,669869,21.430701803666082,2.3558655
DRAGONITE,DRAGON_TAIL_FAST,HURRICANE,40,15/15/15,SHAYMIN,RANDOM,RANDOM,1.5631893050465042,697333,14.449602325984147,2.3982863
YANMEGA,WING_ATTACK_FAST,AERIAL_ACE,40,15/15/15,SHAYMIN,RANDOM,RANDOM,1.5794350168919007,694129,17.76391278154042,2.4232109
LUGIA,EXTRASENSORY_FAST,AEROBLAST,40,15/15/15,SHAYMIN,RANDOM,RANDOM,1.580629820996432,721441,11.431120455902132,2.425044
STARAPTOR,QUICK_ATTACK_FAST,BRAVE_BIRD,40,15/15/15,SHAYMIN,RANDOM,RANDOM,1.5970795444531523,691307,26.483072616396104,2.4502816
DRAGONITE_SHADOW_FORM,STEEL_WING_FAST,HURRICANE,40,15/15/15,SHAYMIN,RANDOM,RANDOM,1.6067886069487527,705753,17.44386673184271,2.4651775
YVELTAL,SNARL_FAST,HURRICANE,40,15/15/15,SHAYMIN,RANDOM,RANDOM,1.634920374202921,720516,17.245369888372128,2.508338
TOGEKISS,AIR_SLASH_FAST,AERIAL_ACE,40,15/15/15,SHAYMIN,RANDOM,RANDOM,1.6393391483812296,721510,17.600716301109383,2.5151174
LUGIA,EXTRASENSORY_FAST,SKY_ATTACK,40,15/15/15,SHAYMIN,RANDOM,RANDOM,1.662924976392011,758901,11.99804310676195,2.5513034
DRAGONITE,DRAGON_BREATH_FAST,HURRICANE,40,15/15/15,SHAYMIN,RANDOM,RANDOM,1.6657498528248504,743802,15.391721643532923,2.5556374
TOGEKISS,HIDDEN_POWER_FLYING_FAST,AERIAL_ACE,40,15/15/15,SHAYMIN,RANDOM,RANDOM,1.667834486487783,733798,17.96422581452228,2.5588357
YANMEGA,BUG_BITE_FAST,AERIAL_ACE,40,15/15/15,SHAYMIN,RANDOM,RANDOM,1.6706993179103162,734165,18.765230980459982,2.563231
CROBAT_SHADOW_FORM,AIR_SLASH_FAST,AIR_CUTTER,40,15/15/15,SHAYMIN,RANDOM,RANDOM,1.700590343120155,744959,22.329810886017352,2.6090906
LUGIA,DRAGON_TAIL_FAST,AEROBLAST,40,15/15/15,SHAYMIN,RANDOM,RANDOM,1.717398553433835,784483,12.381936498416842,2.6348782
YVELTAL,SUCKER_PUNCH_FAST,HURRICANE,40,15/15/15,SHAYMIN,RANDOM,RANDOM,1.7228956560778774,758788,18.323225525409363,2.643312
UNFEZANT,STEEL_WING_FAST,SKY_ATTACK,40,15/15/15,SHAYMIN,RANDOM,RANDOM,1.7554628182646317,759673,29.295922711980314,2.6932774
LUGIA,DRAGON_TAIL_FAST,SKY_ATTACK,40,15/15/15,SHAYMIN,RANDOM,RANDOM,1.7884612075505935,816088,12.933322334971246,2.7439044
SCYTHER_SHADOW_FORM,STEEL_WING_FAST,AERIAL_ACE,40,15/15/15,SHAYMIN,RANDOM,RANDOM,1.7887962298132791,780201,24.981555663602524,2.7444184
TOGEKISS,HIDDEN_POWER_POISON_FAST,AERIAL_ACE,40,15/15/15,SHAYMIN,RANDOM,RANDOM,1.8368152184058364,808038,19.796294147858983,2.8180904
TOGEKISS,HIDDEN_POWER_ICE_FAST,AERIAL_ACE,40,15/15/15,SHAYMIN,RANDOM,RANDOM,1.8368152184058364,808038,19.796294147858983,2.8180904
TOGEKISS,HIDDEN_POWER_FIRE_FAST,AERIAL_ACE,40,15/15/15,SHAYMIN,RANDOM,RANDOM,1.8368152184058364,808038,19.796294147858983,2.8180904
TOGEKISS,HIDDEN_POWER_BUG_FAST,AERIAL_ACE,40,15/15/15,SHAYMIN,RANDOM,RANDOM,1.8368152184058364,808038,19.796294147858983,2.8180904
DRAGONITE,STEEL_WING_FAST,HURRICANE,40,15/15/15,SHAYMIN,RANDOM,RANDOM,1.846520304956296,824450,17.033409964529636,2.8329802
RAYQUAZA,SPLASH_FAST,AERIAL_ACE,40,15/15/15,SHAYMIN,RANDOM,RANDOM,1.8494326521822333,816714,18.902554591822803,2.8374484
BRAVIARY,STEEL_WING_FAST,BRAVE_BIRD,40,15/15/15,SHAYMIN,RANDOM,RANDOM,1.8790748223339138,814924,27.53256603609606,2.8829262
TORNADUS,BITE_FAST,HURRICANE,40,15/15/15,SHAYMIN,RANDOM,RANDOM,1.8946076015899609,821905,28.448951511151368,2.906757
TOGEKISS,CHARM_FAST,AERIAL_ACE,40,15/15/15,SHAYMIN,RANDOM,RANDOM,1.9590037037558472,862429,21.07177761389974,3.0055552
TOGEKISS,HIDDEN_POWER_FAST,AERIAL_ACE,40,15/15/15,SHAYMIN,RANDOM,RANDOM,1.9811428743502262,871557,21.24112678026203,3.0395217
TORNADUS_THERIAN_FORM,ASTONISH_FAST,HURRICANE,40,15/15/15,SHAYMIN,RANDOM,RANDOM,2.1026652259405783,915809,29.05939821958725,3.2259645
CROBAT_SHADOW_FORM,BITE_FAST,AIR_CUTTER,40,15/15/15,SHAYMIN,RANDOM,RANDOM,2.292765917728961,1003859,30.05703814771337,3.517622
MOLTRES_SHADOW_FORM,WING_ATTACK_FAST,SKY_ATTACK,40,15/15/15,SHAYMIN,HIDDEN_POWER_FIGHTING_FAST,SOLAR_BEAM,1.0088893008228772,440046,11.846026196311422,1.5478646
MOLTRES_SHADOW_FORM,FIRE_SPIN_FAST,SKY_ATTACK,40,15/15/15,SHAYMIN,HIDDEN_POWER_FIGHTING_FAST,SOLAR_BEAM,1.057835792683531,461298,12.046646207932735,1.6229596
HO_OH_SHADOW_FORM,INCINERATE_FAST,BRAVE_BIRD,40,15/15/15,SHAYMIN,HIDDEN_POWER_FIGHTING_FAST,SOLAR_BEAM,1.0866280882665036,489499,9.872804745125329,1.6671335
HO_OH_SHADOW_FORM,HIDDEN_POWER_FLYING_FAST,BRAVE_BIRD,40,15/15/15,SHAYMIN,HIDDEN_POWER_FIGHTING_FAST,SOLAR_BEAM,1.0969202459298055,490482,10.016742982252817,1.682924
PIDGEOT_MEGA,GUST_FAST,BRAVE_BIRD,40,15/15/15,SHAYMIN,HIDDEN_POWER_FIGHTING_FAST,SOLAR_BEAM,1.150898198597026,495649,19.808346689705008,1.7657384
HO_OH_SHADOW_FORM,HIDDEN_POWER_FIRE_FAST,BRAVE_BIRD,40,15/15/15,SHAYMIN,HIDDEN_POWER_FIGHTING_FAST,SOLAR_BEAM,1.174060164784024,525818,10.74557195330629,1.8012741
PIDGEOT_MEGA,WING_ATTACK_FAST,BRAVE_BIRD,40,15/15/15,SHAYMIN,HIDDEN_POWER_FIGHTING_FAST,SOLAR_BEAM,1.1914515354448338,512454,20.9162053254316,1.8279564
LUGIA_SHADOW_FORM,EXTRASENSORY_FAST,AEROBLAST_PLUS,40,15/15/15,SHAYMIN,HIDDEN_POWER_FIGHTING_FAST,SOLAR_BEAM,1.2107851878966494,546313,10.933356535741405,1.8576186
PIDGEOT_MEGA,AIR_SLASH_FAST,BRAVE_BIRD,40,15/15/15,SHAYMIN,HIDDEN_POWER_FIGHTING_FAST,SOLAR_BEAM,1.2213200085723983,524836,21.449019265575913,1.8737814
MOLTRES,WING_ATTACK_FAST,SKY_ATTACK,40,15/15/15,SHAYMIN,HIDDEN_POWER_FIGHTING_FAST,SOLAR_BEAM,1.2361380302150975,539003,12.890008318042419,1.8965156
HONCHKROW_SHADOW_FORM,PECK_FAST,SKY_ATTACK,40,15/15/15,SHAYMIN,HIDDEN_POWER_FIGHTING_FAST,SOLAR_BEAM,1.248653784082975,508228,33.013695022145704,1.9157176
STARAPTOR_SHADOW_FORM,WING_ATTACK_FAST,BRAVE_BIRD,40,15/15/15,SHAYMIN,HIDDEN_POWER_FIGHTING_FAST,SOLAR_BEAM,1.2527162223254664,519197,26.15713713847206,1.9219503
MOLTRES,FIRE_SPIN_FAST,SKY_ATTACK,40,15/15/15,SHAYMIN,HIDDEN_POWER_FIGHTING_FAST,SOLAR_BEAM,1.2651992561202179,552401,12.876316275442335,1.9411021
HO_OH_SHADOW_FORM,HIDDEN_POWER_POISON_FAST,BRAVE_BIRD,40,15/15/15,SHAYMIN,HIDDEN_POWER_FIGHTING_FAST,SOLAR_BEAM,1.269312534316969,568958,11.652716579888626,1.9474128
HO_OH_SHADOW_FORM,HIDDEN_POWER_ICE_FAST,BRAVE_BIRD,40,15/15/15,SHAYMIN,HIDDEN_POWER_FIGHTING_FAST,SOLAR_BEAM,1.269312534316969,568958,11.652716579888626,1.9474128
HO_OH_SHADOW_FORM,HIDDEN_POWER_BUG_FAST,BRAVE_BIRD,40,15/15/15,SHAYMIN,HIDDEN_POWER_FIGHTING_FAST,SOLAR_BEAM,1.269312534316969,568958,11.652716579888626,1.9474128
HO_OH_SHADOW_FORM,EXTRASENSORY_FAST,BRAVE_BIRD,40,15/15/15,SHAYMIN,HIDDEN_POWER_FIGHTING_FAST,SOLAR_BEAM,1.2745283225474415,573068,11.660324859988544,1.955415
PIDGEOT_MEGA,GUST_FAST,HURRICANE,40,15/15/15,SHAYMIN,HIDDEN_POWER_FIGHTING_FAST,SOLAR_BEAM,1.2830485122665078,555914,21.598575291271537,1.9684869
HO_OH,HIDDEN_POWER_FLYING_FAST,BRAVE_BIRD,40,15/15/15,SHAYMIN,HIDDEN_POWER_FIGHTING_FAST,SOLAR_BEAM,1.283053400723648,586580,10.597608694624968,1.9684944
HO_OH,INCINERATE_FAST,BRAVE_BIRD,40,15/15/15,SHAYMIN,HIDDEN_POWER_FIGHTING_FAST,SOLAR_BEAM,1.2837536233244324,586884,10.52406148051394,1.9695687
ZAPDOS_SHADOW_FORM,THUNDER_SHOCK_FAST,DRILL_PECK,40,15/15/15,SHAYMIN,HIDDEN_POWER_FIGHTING_FAST,SOLAR_BEAM,1.2948773401370228,562526,21.04863442385569,1.986635
ZAPDOS_SHADOW_FORM,CHARGE_BEAM_FAST,DRILL_PECK,40,15/15/15,SHAYMIN,HIDDEN_POWER_FIGHTING_FAST,SOLAR_BEAM,1.3000978864657784,565695,21.187346487805755,1.9946445
RAYQUAZA,AIR_SLASH_FAST,HURRICANE,40,15/15/15,SHAYMIN,HIDDEN_POWER_FIGHTING_FAST,SOLAR_BEAM,1.3047498726393967,569013,13.990829807083092,2.0017817
LUGIA_SHADOW_FORM,EXTRASENSORY_FAST,AEROBLAST,40,15/15/15,SHAYMIN,HIDDEN_POWER_FIGHTING_FAST,SOLAR_BEAM,1.310963101664787,589998,11.870142722059178,2.0113142
RAYQUAZA,AIR_SLASH_FAST,AERIAL_ACE,40,15/15/15,SHAYMIN,HIDDEN_POWER_FIGHTING_FAST,SOLAR_BEAM,1.3331041624625934,581578,13.941429599873862,2.0452836
YVELTAL,GUST_FAST,HURRICANE,40,15/15/15,SHAYMIN,HIDDEN_POWER_FIGHTING_FAST,SOLAR_BEAM,1.3348522095565558,581935,17.12250095487217,2.0479655
PIDGEOT_MEGA,GUST_FAST,AERIAL_ACE,40,15/15/15,SHAYMIN,HIDDEN_POWER_FIGHTING_FAST,SOLAR_BEAM,1.3350517889667393,578607,21.986006613335476,2.0482717
HONCHKROW_SHADOW_FORM,SNARL_FAST,SKY_ATTACK,40,15/15/15,SHAYMIN,HIDDEN_POWER_FIGHTING_FAST,SOLAR_BEAM,1.3370052816194533,544331,35.69284172752358,2.0512688
HONCHKROW_SHADOW_FORM,PECK_FAST,BRAVE_BIRD,40,15/15/15,SHAYMIN,HIDDEN_POWER_FIGHTING_FAST,SOLAR_BEAM,1.341264822453844,547568,35.06545127481003,2.0578039
LUGIA,EXTRASENSORY_FAST,AEROBLAST_PLUS_PLUS,40,15/15/15,SHAYMIN,HIDDEN_POWER_FIGHTING_FAST,SOLAR_BEAM,1.3486598196980577,614179,11.386663637144098,2.0691495
PIDGEOT_MEGA,WING_ATTACK_FAST,HURRICANE,40,15/15/15,SHAYMIN,HIDDEN_POWER_FIGHTING_FAST,SOLAR_BEAM,1.3501021100927477,582476,23.393072449351674,2.0713623
PIDGEOT_MEGA,AIR_SLASH_FAST,HURRICANE,40,15/15/15,SHAYMIN,HIDDEN_POWER_FIGHTING_FAST,SOLAR_BEAM,1.3542054158369325,585544,23.312995361592524,2.0776577
HONCHKROW,PECK_FAST,SKY_ATTACK,40,15/15/15,SHAYMIN,HIDDEN_POWER_FIGHTING_FAST,SOLAR_BEAM,1.369129745127577,567444,27.60846967284126,2.100555
DRAGONITE_SHADOW_FORM,DRAGON_TAIL_FAST,HURRICANE,40,15/15/15,SHAYMIN,HIDDEN_POWER_FIGHTING_FAST,SOLAR_BEAM,1.3746928093533002,599549,15.439682664365675,2.10909
LUGIA_SHADOW_FORM,DRAGON_TAIL_FAST,AEROBLAST_PLUS,40,15/15/15,SHAYMIN,HIDDEN_POWER_FIGHTING_FAST,SOLAR_BEAM,1.377850883024826,623386,12.265557598311682,2.1139352
PIDGEOT_MEGA,AIR_SLASH_FAST,AERIAL_ACE,40,15/15/15,SHAYMIN,HIDDEN_POWER_FIGHTING_FAST,SOLAR_BEAM,1.381172100805983,599561,22.771875434377467,2.1190307
PIDGEOT_MEGA,WING_ATTACK_FAST,AERIAL_ACE,40,15/15/15,SHAYMIN,HIDDEN_POWER_FIGHTING_FAST,SOLAR_BEAM,1.3829587341216394,600085,22.77582562989263,2.1217718
UNFEZANT,AIR_SLASH_FAST,SKY_ATTACK,40,15/15/15,SHAYMIN,HIDDEN_POWER_FIGHTING_FAST,SOLAR_BEAM,1.383917588694863,598509,23.90080697505394,2.1232429
LUGIA_SHADOW_FORM,EXTRASENSORY_FAST,SKY_ATTACK,40,15/15/15,SHAYMIN,HIDDEN_POWER_FIGHTING_FAST,SOLAR_BEAM,1.390964006355255,624306,12.628943159841988,2.1340537
DRAGONITE_SHADOW_FORM,DRAGON_BREATH_FAST,HURRICANE,40,15/15/15,SHAYMIN,HIDDEN_POWER_FIGHTING_FAST,SOLAR_BEAM,1.393857386367488,608118,15.921647390005699,2.1384928
PIDGEOT_MEGA,GUST_FAST,AIR_CUTTER,40,15/15/15,SHAYMIN,HIDDEN_POWER_FIGHTING_FAST,SOLAR_BEAM,1.3973711441805459,607240,22.851225980942694,2.1438837
HO_OH,HIDDEN_POWER_FIRE_FAST,BRAVE_BIRD,40,15/15/15,SHAYMIN,HIDDEN_POWER_FIGHTING_FAST,SOLAR_BEAM,1.397981419169948,638860,11.59133307350873,2.14482
STARAPTOR,WING_ATTACK_FAST,BRAVE_BIRD,40,15/15/15,SHAYMIN,HIDDEN_POWER_FIGHTING_FAST,SOLAR_BEAM,1.4113644505139527,605356,25.57638769635704,2.1653526
SCYTHER_SHADOW_FORM,AIR_SLASH_FAST,AERIAL_ACE,40,15/15/15,SHAYMIN,HIDDEN_POWER_FIGHTING_FAST,SOLAR_BEAM,1.419236561175065,619192,19.350738520009322,2.1774302
HONCHKROW,SNARL_FAST,SKY_ATTACK,40,15/15/15,SHAYMIN,HIDDEN_POWER_FIGHTING_FAST,SOLAR_BEAM,1.4374498444297399,596790,28.80342749257137,2.2053735
TORNADUS,AIR_SLASH_FAST,HURRICANE,40,15/15/15,SHAYMIN,HIDDEN_POWER_FIGHTING_FAST,SOLAR_BEAM,1.449778337799428,625565,25.358786660785462,2.2242882
BRAVIARY,AIR_SLASH_FAST,BRAVE_BIRD,40,15/15/15,SHAYMIN,HIDDEN_POWER_FIGHTING_FAST,SOLAR_BEAM,1.45513947615554,625825,25.591797142098134,2.2325134
STARAPTOR_SHADOW_FORM,QUICK_ATTACK_FAST,BRAVE_BIRD,40,15/15/15,SHAYMIN,HIDDEN_POWER_FIGHTING_FAST,SOLAR_BEAM,1.4617265743830246,605811,30.620515647974184,2.2426195
HONCHKROW_SHADOW_FORM,SNARL_FAST,BRAVE_BIRD,40,15/15/15,SHAYMIN,HIDDEN_POWER_FIGHTING_FAST,SOLAR_BEAM,1.4710748035622383,599564,38.6660894320298,2.2569618
HO_OH,EXTRASENSORY_FAST,BRAVE_BIRD,40,15/15/15,SHAYMIN,HIDDEN_POWER_FIGHTING_FAST,SOLAR_BEAM,1.4786300770212273,676028,12.220361426071781,2.2685533
LUGIA_SHADOW_FORM,DRAGON_TAIL_FAST,AEROBLAST,40,15/15/15,SHAYMIN,HIDDEN_POWER_FIGHTING_FAST,SOLAR_BEAM,1.4853364536029363,672468,13.229846648293606,2.2788424
HONCHKROW,PECK_FAST,BRAVE_BIRD,40,15/15/15,SHAYMIN,HIDDEN_POWER_FIGHTING_FAST,SOLAR_BEAM,1.4904351795797546,617446,31.24692977072505,2.286665
LUGIA,DRAGON_TAIL_FAST,AEROBLAST_PLUS_PLUS,40,15/15/15,SHAYMIN,HIDDEN_POWER_FIGHTING_FAST,SOLAR_BEAM,1.4945629927890693,682122,12.256889083380932,2.292998
RAYQUAZA,DRAGON_TAIL_FAST,AERIAL_ACE,40,15/15/15,SHAYMIN,HIDDEN_POWER_FIGHTING_FAST,SOLAR_BEAM,1.495457906342897,653053,15.619281905720113,2.294371
ZAPDOS,THUNDER_SHOCK_FAST,DRILL_PECK,40,15/15/15,SHAYMIN,HIDDEN_POWER_FIGHTING_FAST,SOLAR_BEAM,1.4955833767428328,652381,21.684418307274008,2.2945635
HO_OH,HIDDEN_POWER_POISON_FAST,BRAVE_BIRD,40,15/15/15,SHAYMIN,HIDDEN_POWER_FIGHTING_FAST,SOLAR_BEAM,1.5029287072625006,687075,12.388221669983375,2.3058329
HO_OH,HIDDEN_POWER_ICE_FAST,BRAVE_BIRD,40,15/15/15,SHAYMIN,HIDDEN_POWER_FIGHTING_FAST,SOLAR_BEAM,1.5029287072625006,687075,12.388221669983375,2.3058329
HO_OH,HIDDEN_POWER_BUG_FAST,BRAVE_BIRD,40,15/15/15,SHAYMIN,HIDDEN_POWER_FIGHTING_FAST,SOLAR_BEAM,1.5029287072625006,687075,12.388221669983375,2.3058329
TORNADUS_THERIAN_FORM,GUST_FAST,HURRICANE,40,15/15/15,SHAYMIN,HIDDEN_POWER_FIGHTING_FAST,SOLAR_BEAM,1.5093537042512108,656346,24.837851207365553,2.3156903
ZAPDOS,CHARGE_BEAM_FAST,DRILL_PECK,40,15/15/15,SHAYMIN,HIDDEN_POWER_FIGHTING_FAST,SOLAR_BEAM,1.5111142006160239,659144,21.84325564308171,2.3183913
RAYQUAZA,DRAGON_TAIL_FAST,HURRICANE,40,15/15/15,SHAYMIN,HIDDEN_POWER_FIGHTING_FAST,SOLAR_BEAM,1.5187398678578337,663163,16.412957514599558,2.3300908
LUGIA_SHADOW_FORM,DRAGON_TAIL_FAST,SKY_ATTACK,40,15/15/15,SHAYMIN,HIDDEN_POWER_FIGHTING_FAST,SOLAR_BEAM,1.5336324547667801,688381,13.927511634772769,2.3529394
SCYTHER_SHADOW_FORM,FURY_CUTTER_FAST,AERIAL_ACE,40,15/15/15,SHAYMIN,HIDDEN_POWER_FIGHTING_FAST,SOLAR_BEAM,1.551713228243237,676732,20.978196284307714,2.3806794
DRAGONITE,DRAGON_TAIL_FAST,HURRICANE,40,15/15/15,SHAYMIN,HIDDEN_POWER_FIGHTING_FAST,SOLAR_BEAM,1.570969251995664,701830,14.346330511342696,2.4102225
HONCHKROW,SNARL_FAST,BRAVE_BIRD,40,15/15/15,SHAYMIN,HIDDEN_POWER_FIGHTING_FAST,SOLAR_BEAM,1.5807393876158042,656079,32.70970686954782,2.4252121
LUGIA,EXTRASENSORY_FAST,AEROBLAST,40,15/15/15,SHAYMIN,HIDDEN_POWER_FIGHTING_FAST,SOLAR_BEAM,1.5968198696098568,727823,13.454300655161749,2.4498832
YANMEGA,WING_ATTACK_FAST,AERIAL_ACE,40,15/15/15,SHAYMIN,HIDDEN_POWER_FIGHTING_FAST,SOLAR_BEAM,1.6036640355034955,699826,17.250313000164994,2.4603837
DRAGONITE_SHADOW_FORM,STEEL_WING_FAST,HURRICANE,40,15/15/15,SHAYMIN,HIDDEN_POWER_FIGHTING_FAST,SOLAR_BEAM,1.6400097143420294,715323,18.3095310566142,2.5161462
TOGEKISS,AIR_SLASH_FAST,AERIAL_ACE,40,15/15/15,SHAYMIN,HIDDEN_POWER_FIGHTING_FAST,SOLAR_BEAM,1.6612729385962854,725061,18.055566960030696,2.5487688
STARAPTOR,QUICK_ATTACK_FAST,BRAVE_BIRD,40,15/15/15,SHAYMIN,HIDDEN_POWER_FIGHTING_FAST,SOLAR_BEAM,1.6658130768705324,719694,29.389954837768105,2.5557344
LUGIA,EXTRASENSORY_FAST,SKY_ATTACK,40,15/15/15,SHAYMIN,HIDDEN_POWER_FIGHTING_FAST,SOLAR_BEAM,1.668913597106659,759422,13.826082292087321,2.5604913
DRAGONITE,DRAGON_BREATH_FAST,HURRICANE,40,15/15/15,SHAYMIN,HIDDEN_POWER_FIGHTING_FAST,SOLAR_BEAM,1.6719840044468015,748469,15.285887612170475,2.565202
TOGEKISS,HIDDEN_POWER_FLYING_FAST,AERIAL_ACE,40,15/15/15,SHAYMIN,HIDDEN_POWER_FIGHTING_FAST,SOLAR_BEAM,1.6919978042354116,738525,18.429839390160957,2.5959077
YANMEGA,BUG_BITE_FAST,AERIAL_ACE,40,15/15/15,SHAYMIN,HIDDEN_POWER_FIGHTING_FAST,SOLAR_BEAM,1.692109065519926,738605,18.122621931597095,2.5960784
GLISCOR_SHADOW_FORM,WING_ATTACK_FAST,AERIAL_ACE,40,15/15/15,SHAYMIN,HIDDEN_POWER_FIGHTING_FAST,SOLAR_BEAM,1.6935912457248814,734275,29.81326171411575,2.5983524
YVELTAL,SNARL_FAST,HURRICANE,40,15/15/15,SHAYMIN,HIDDEN_POWER_FIGHTING_FAST,SOLAR_BEAM,1.7000902213649824,741275,22.1475285721644,2.6083233
CROBAT_SHADOW_FORM,AIR_SLASH_FAST,AIR_CUTTER,40,15/15/15,SHAYMIN,HIDDEN_POWER_FIGHTING_FAST,SOLAR_BEAM,1.7057847524980667,743609,18.922035059680084,2.61706
LUGIA,DRAGON_TAIL_FAST,AEROBLAST,40,15/15/15,SHAYMIN,HIDDEN_POWER_FIGHTING_FAST,SOLAR_BEAM,1.7346595652375685,791046,14.243773018663314,2.6613605
UNFEZANT,STEEL_WING_FAST,SKY_ATTACK,40,15/15/15,SHAYMIN,HIDDEN_POWER_FIGHTING_FAST,SOLAR_BEAM,1.756462605518977,762287,29.95883867996436,2.6948113
YVELTAL,SUCKER_PUNCH_FAST,HURRICANE,40,15/15/15,SHAYMIN,HIDDEN_POWER_FIGHTING_FAST,SOLAR_BEAM,1.7609272008355483,767790,22.89124080795144,2.701661
SCYTHER_SHADOW_FORM,STEEL_WING_FAST,AERIAL_ACE,40,15/15/15,SHAYMIN,HIDDEN_POWER_FIGHTING_FAST,SOLAR_BEAM,1.7944995601692162,782666,24.264131651188634,2.7531686
LUGIA,DRAGON_TAIL_FAST,SKY_ATTACK,40,15/15/15,SHAYMIN,HIDDEN_POWER_FIGHTING_FAST,SOLAR_BEAM,1.7987320515407637,818915,14.781233311767984,2.7596622
GLISCOR_SHADOW_FORM,FURY_CUTTER_FAST,AERIAL_ACE,40,15/15/15,SHAYMIN,HIDDEN_POWER_FIGHTING_FAST,SOLAR_BEAM,1.8422789491824676,797250,32.396538657226344,2.826473
DRAGONITE,STEEL_WING_FAST,HURRICANE,40,15/15/15,SHAYMIN,HIDDEN_POWER_FIGHTING_FAST,SOLAR_BEAM,1.8430311197877967,826427,16.677728056221394,2.827627
TOGEKISS,HIDDEN_POWER_POISON_FAST,AERIAL_ACE,40,15/15/15,SHAYMIN,HIDDEN_POWER_FIGHTING_FAST,SOLAR_BEAM,1.864245198752935,814337,19.955277976125178,2.8601742
TOGEKISS,HIDDEN_POWER_ICE_FAST,AERIAL_ACE,40,15/15/15,SHAYMIN,HIDDEN_POWER_FIGHTING_FAST,SOLAR_BEAM,1.864245198752935,814337,19.955277976125178,2.8601742
TOGEKISS,HIDDEN_POWER_FIRE_FAST,AERIAL_ACE,40,15/15/15,SHAYMIN,HIDDEN_POWER_FIGHTING_FAST,SOLAR_BEAM,1.864245198752935,814337,19.955277976125178,2.8601742
TOGEKISS,HIDDEN_POWER_BUG_FAST,AERIAL_ACE,40,15/15/15,SHAYMIN,HIDDEN_POWER_FIGHTING_FAST,SOLAR_BEAM,1.864245198752935,814337,19.955277976125178,2.8601742
RAYQUAZA,SPLASH_FAST,AERIAL_ACE,40,15/15/15,SHAYMIN,HIDDEN_POWER_FIGHTING_FAST,SOLAR_BEAM,1.9048049883641682,832263,19.570160399459454,2.9224021
TOGEKISS,CHARM_FAST,AERIAL_ACE,40,15/15/15,SHAYMIN,HIDDEN_POWER_FIGHTING_FAST,SOLAR_BEAM,1.9766181184211142,863310,21.393862488852207,3.0325797
BRAVIARY,STEEL_WING_FAST,BRAVE_BIRD,40,15/15/15,SHAYMIN,HIDDEN_POWER_FIGHTING_FAST,SOLAR_BEAM,2.0147871265935717,866077,35.6634850001323,3.0911396
TOGEKISS,HIDDEN_POWER_FAST,AERIAL_ACE,40,15/15/15,SHAYMIN,HIDDEN_POWER_FIGHTING_FAST,SOLAR_BEAM,2.016433167881872,879676,21.601330172234693,3.093665
TORNADUS,BITE_FAST,HURRICANE,40,15/15/15,SHAYMIN,HIDDEN_POWER_FIGHTING_FAST,SOLAR_BEAM,2.0301169371091516,873751,35.575116738378604,3.114659
TORNADUS_THERIAN_FORM,ASTONISH_FAST,HURRICANE,40,15/15/15,SHAYMIN,HIDDEN_POWER_FIGHTING_FAST,SOLAR_BEAM,2.1953769665285385,956250,35.65280098314742,3.3682053
CROBAT_SHADOW_FORM,BITE_FAST,AIR_CUTTER,40,15/15/15,SHAYMIN,HIDDEN_POWER_FIGHTING_FAST,SOLAR_BEAM,2.3089362821549675,1006508,25.306368098956128,3.542431
MOLTRES_SHADOW_FORM,WING_ATTACK_FAST,SKY_ATTACK,40,15/15/15,SHAYMIN,ZEN_HEADBUTT_FAST,SOLAR_BEAM,1.0055867243582823,438612,13.742767906223827,1.5427977
MOLTRES_SHADOW_FORM,FIRE_SPIN_FAST,SKY_ATTACK,40,15/15/15,SHAYMIN,ZEN_HEADBUTT_FAST,SOLAR_BEAM,1.0575647766196699,461180,14.378866703906679,1.6225438
HO_OH_SHADOW_FORM,HIDDEN_POWER_FLYING_FAST,BRAVE_BIRD,40,15/15/15,SHAYMIN,ZEN_HEADBUTT_FAST,SOLAR_BEAM,1.1270498278480934,491350,11.810528809561964,1.7291496
HO_OH_SHADOW_FORM,INCINERATE_FAST,BRAVE_BIRD,40,15/15/15,SHAYMIN,ZEN_HEADBUTT_FAST,SOLAR_BEAM,1.1286331013467112,492076,11.92051628703309,1.7315787
HONCHKROW_SHADOW_FORM,PECK_FAST,SKY_ATTACK,40,15/15/15,SHAYMIN,ZEN_HEADBUTT_FAST,SOLAR_BEAM,1.130856306474716,470682,22.024629237901664,1.7349896
PIDGEOT_MEGA,GUST_FAST,BRAVE_BIRD,40,15/15/15,SHAYMIN,ZEN_HEADBUTT_FAST,SOLAR_BEAM,1.1687120623136193,499644,21.141515739754894,1.7930689
PIDGEOT_MEGA,WING_ATTACK_FAST,BRAVE_BIRD,40,15/15/15,SHAYMIN,ZEN_HEADBUTT_FAST,SOLAR_BEAM,1.1895904020423584,507967,21.58597819760246,1.825101
HO_OH_SHADOW_FORM,HIDDEN_POWER_FIRE_FAST,BRAVE_BIRD,40,15/15/15,SHAYMIN,ZEN_HEADBUTT_FAST,SOLAR_BEAM,1.2054273085119642,525394,12.534157621243816,1.8493984
MOLTRES,WING_ATTACK_FAST,SKY_ATTACK,40,15/15/15,SHAYMIN,ZEN_HEADBUTT_FAST,SOLAR_BEAM,1.2222233302725074,532683,14.210537277420753,1.8751673
PIDGEOT_MEGA,AIR_SLASH_FAST,BRAVE_BIRD,40,15/15/15,SHAYMIN,ZEN_HEADBUTT_FAST,SOLAR_BEAM,1.230612118263641,524865,22.343241042883403,1.8880376
STARAPTOR_SHADOW_FORM,WING_ATTACK_FAST,BRAVE_BIRD,40,15/15/15,SHAYMIN,ZEN_HEADBUTT_FAST,SOLAR_BEAM,1.2326337885986058,510881,26.840463461369232,1.8911393
HONCHKROW_SHADOW_FORM,PECK_FAST,BRAVE_BIRD,40,15/15/15,SHAYMIN,ZEN_HEADBUTT_FAST,SOLAR_BEAM,1.2478825159050841,518440,24.983956461886468,1.9145343
MOLTRES,FIRE_SPIN_FAST,SKY_ATTACK,40,15/15/15,SHAYMIN,ZEN_HEADBUTT_FAST,SOLAR_BEAM,1.2535946454838738,546314,14.629973334719505,1.923298
RAYQUAZA,AIR_SLASH_FAST,HURRICANE,40,15/15/15,SHAYMIN,ZEN_HEADBUTT_FAST,SOLAR_BEAM,1.2667765331114105,552067,15.342438035963042,1.943522
HONCHKROW_SHADOW_FORM,SNARL_FAST,SKY_ATTACK,40,15/15/15,SHAYMIN,ZEN_HEADBUTT_FAST,SOLAR_BEAM,1.270679803189412,529283,24.65867541319596,1.9495105
LUGIA_SHADOW_FORM,EXTRASENSORY_FAST,AEROBLAST_PLUS,40,15/15/15,SHAYMIN,ZEN_HEADBUTT_FAST,SOLAR_BEAM,1.2843646804669768,561383,12.790607738877995,1.9705062
ZAPDOS_SHADOW_FORM,CHARGE_BEAM_FAST,DRILL_PECK,40,15/15/15,SHAYMIN,ZEN_HEADBUTT_FAST,SOLAR_BEAM,1.2876536996104355,557171,22.11470552907713,1.9755523
ZAPDOS_SHADOW_FORM,THUNDER_SHOCK_FAST,DRILL_PECK,40,15/15/15,SHAYMIN,ZEN_HEADBUTT_FAST,SOLAR_BEAM,1.2945096629806396,559019,22.49085998629153,1.9860709
HONCHKROW,PECK_FAST,SKY_ATTACK,40,15/15/15,SHAYMIN,ZEN_HEADBUTT_FAST,SOLAR_BEAM,1.3031903244527667,563769,22.611310990535664,1.999389
HO_OH_SHADOW_FORM,HIDDEN_POWER_POISON_FAST,BRAVE_BIRD,40,15/15/15,SHAYMIN,ZEN_HEADBUTT_FAST,SOLAR_BEAM,1.3063322988054435,569272,13.56379305287112,2.0042095
HO_OH_SHADOW_FORM,HIDDEN_POWER_ICE_FAST,BRAVE_BIRD,40,15/15/15,SHAYMIN,ZEN_HEADBUTT_FAST,SOLAR_BEAM,1.3063322988054435,569272,13.56379305287112,2.0042095
HO_OH_SHADOW_FORM,HIDDEN_POWER_BUG_FAST,BRAVE_BIRD,40,15/15/15,SHAYMIN,ZEN_HEADBUTT_FAST,SOLAR_BEAM,1.3063322988054435,569272,13.56379305287112,2.0042095
PIDGEOT_MEGA,GUST_FAST,HURRICANE,40,15/15/15,SHAYMIN,ZEN_HEADBUTT_FAST,SOLAR_BEAM,1.3073476639432096,560471,23.363589298916853,2.0057673
HO_OH,HIDDEN_POWER_FLYING_FAST,BRAVE_BIRD,40,15/15/15,SHAYMIN,ZEN_HEADBUTT_FAST,SOLAR_BEAM,1.3152921889494276,586926,12.077332240604191,2.017956
RAYQUAZA,AIR_SLASH_FAST,AERIAL_ACE,40,15/15/15,SHAYMIN,ZEN_HEADBUTT_FAST,SOLAR_BEAM,1.3232343023167898,576735,15.530877519420608,2.030141
PIDGEOT_MEGA,GUST_FAST,AERIAL_ACE,40,15/15/15,SHAYMIN,ZEN_HEADBUTT_FAST,SOLAR_BEAM,1.3305531048090427,575971,22.887069483792676,2.0413697
YVELTAL,GUST_FAST,HURRICANE,40,15/15/15,SHAYMIN,ZEN_HEADBUTT_FAST,SOLAR_BEAM,1.331879245462078,580743,15.485679357075046,2.0434043
HO_OH,INCINERATE_FAST,BRAVE_BIRD,40,15/15/15,SHAYMIN,ZEN_HEADBUTT_FAST,SOLAR_BEAM,1.3404987034508076,596756,12.395851857906846,2.0566285
HO_OH_SHADOW_FORM,EXTRASENSORY_FAST,BRAVE_BIRD,40,15/15/15,SHAYMIN,ZEN_HEADBUTT_FAST,SOLAR_BEAM,1.347238191182214,587219,14.194374833774095,2.0669684
DRAGONITE_SHADOW_FORM,DRAGON_TAIL_FAST,HURRICANE,40,15/15/15,SHAYMIN,ZEN_HEADBUTT_FAST,SOLAR_BEAM,1.3524689706812503,589793,17.698610932791798,2.0749936
PIDGEOT_MEGA,WING_ATTACK_FAST,HURRICANE,40,15/15/15,SHAYMIN,ZEN_HEADBUTT_FAST,SOLAR_BEAM,1.361711544006804,583017,24.508844222619892,2.0891738
LUGIA,EXTRASENSORY_FAST,AEROBLAST_PLUS_PLUS,40,15/15/15,SHAYMIN,ZEN_HEADBUTT_FAST,SOLAR_BEAM,1.37011447593393,619442,12.040098310422636,2.1020658
PIDGEOT_MEGA,AIR_SLASH_FAST,HURRICANE,40,15/15/15,SHAYMIN,ZEN_HEADBUTT_FAST,SOLAR_BEAM,1.3768501180790527,589522,24.73871110323052,2.1123998
DRAGONITE_SHADOW_FORM,DRAGON_BREATH_FAST,HURRICANE,40,15/15/15,SHAYMIN,ZEN_HEADBUTT_FAST,SOLAR_BEAM,1.3807275119239246,602248,18.17469663040768,2.1183486
PIDGEOT_MEGA,AIR_SLASH_FAST,AERIAL_ACE,40,15/15/15,SHAYMIN,ZEN_HEADBUTT_FAST,SOLAR_BEAM,1.3837030831955441,600032,23.741082589692347,2.1229138
LUGIA_SHADOW_FORM,EXTRASENSORY_FAST,AEROBLAST,40,15/15/15,SHAYMIN,ZEN_HEADBUTT_FAST,SOLAR_BEAM,1.3882788094377727,607076,13.787291543842304,2.129934
PIDGEOT_MEGA,WING_ATTACK_FAST,AERIAL_ACE,40,15/15/15,SHAYMIN,ZEN_HEADBUTT_FAST,SOLAR_BEAM,1.3885297502376444,600657,23.867282224854637,2.130319
UNFEZANT,AIR_SLASH_FAST,SKY_ATTACK,40,15/15/15,SHAYMIN,ZEN_HEADBUTT_FAST,SOLAR_BEAM,1.3898719902095285,596891,24.90837444355117,2.1323783
HONCHKROW_SHADOW_FORM,SNARL_FAST,BRAVE_BIRD,40,15/15/15,SHAYMIN,ZEN_HEADBUTT_FAST,SOLAR_BEAM,1.393015594047919,579549,27.784510570726997,2.1372013
STARAPTOR,WING_ATTACK_FAST,BRAVE_BIRD,40,15/15/15,SHAYMIN,ZEN_HEADBUTT_FAST,SOLAR_BEAM,1.3989248262186078,593668,26.006429026043353,2.1462674
PIDGEOT_MEGA,GUST_FAST,AIR_CUTTER,40,15/15/15,SHAYMIN,ZEN_HEADBUTT_FAST,SOLAR_BEAM,1.4061708232891836,607869,24.320748484910848,2.1573844
LUGIA_SHADOW_FORM,DRAGON_TAIL_FAST,AEROBLAST_PLUS,40,15/15/15,SHAYMIN,ZEN_HEADBUTT_FAST,SOLAR_BEAM,1.4115116256635916,617326,14.043874878772208,2.1655784
HONCHKROW,SNARL_FAST,SKY_ATTACK,40,15/15/15,SHAYMIN,ZEN_HEADBUTT_FAST,SOLAR_BEAM,1.416193659553766,613331,24.222528408420224,2.1727617
HO_OH,HIDDEN_POWER_FIRE_FAST,BRAVE_BIRD,40,15/15/15,SHAYMIN,ZEN_HEADBUTT_FAST,SOLAR_BEAM,1.4222539124603772,637321,13.062576053816873,2.1820595
LUGIA_SHADOW_FORM,EXTRASENSORY_FAST,SKY_ATTACK,40,15/15/15,SHAYMIN,ZEN_HEADBUTT_FAST,SOLAR_BEAM,1.4366969568506969,627895,14.372639112219325,2.2042184
STARAPTOR_SHADOW_FORM,QUICK_ATTACK_FAST,BRAVE_BIRD,40,15/15/15,SHAYMIN,ZEN_HEADBUTT_FAST,SOLAR_BEAM,1.4432815782598971,598507,31.420104868029142,2.2143207
SCYTHER_SHADOW_FORM,AIR_SLASH_FAST,AERIAL_ACE,40,15/15/15,SHAYMIN,ZEN_HEADBUTT_FAST,SOLAR_BEAM,1.4465757465782103,630728,24.390495632934236,2.2193747
HONCHKROW,PECK_FAST,BRAVE_BIRD,40,15/15/15,SHAYMIN,ZEN_HEADBUTT_FAST,SOLAR_BEAM,1.4470381946236879,618243,26.275902008933627,2.2200842
TORNADUS,AIR_SLASH_FAST,HURRICANE,40,15/15/15,SHAYMIN,ZEN_HEADBUTT_FAST,SOLAR_BEAM,1.4505868886104423,619295,26.403251266476772,2.2255287
BRAVIARY,AIR_SLASH_FAST,BRAVE_BIRD,40,15/15/15,SHAYMIN,ZEN_HEADBUTT_FAST,SOLAR_BEAM,1.470794336481239,627883,26.52453985886216,2.2565315
RAYQUAZA,DRAGON_TAIL_FAST,AERIAL_ACE,40,15/15/15,SHAYMIN,ZEN_HEADBUTT_FAST,SOLAR_BEAM,1.47606859065911,643674,17.312451375753568,2.2646234
ZAPDOS,THUNDER_SHOCK_FAST,DRILL_PECK,40,15/15/15,SHAYMIN,ZEN_HEADBUTT_FAST,SOLAR_BEAM,1.4813669612255402,646214,24.33178392707199,2.2727523
LUGIA,DRAGON_TAIL_FAST,AEROBLAST_PLUS_PLUS,40,15/15/15,SHAYMIN,ZEN_HEADBUTT_FAST,SOLAR_BEAM,1.4919714587103965,678548,12.909356407120667,2.289022
RAYQUAZA,DRAGON_TAIL_FAST,HURRICANE,40,15/15/15,SHAYMIN,ZEN_HEADBUTT_FAST,SOLAR_BEAM,1.4971936345248655,652956,18.134291325370032,2.297034
LUGIA_SHADOW_FORM,DRAGON_TAIL_FAST,AEROBLAST,40,15/15/15,SHAYMIN,ZEN_HEADBUTT_FAST,SOLAR_BEAM,1.51957820566769,664507,15.108681891934964,2.331377
ZAPDOS,CHARGE_BEAM_FAST,DRILL_PECK,40,15/15/15,SHAYMIN,ZEN_HEADBUTT_FAST,SOLAR_BEAM,1.5257413768919632,665585,24.903515624924648,2.3408327
TORNADUS_THERIAN_FORM,GUST_FAST,HURRICANE,40,15/15/15,SHAYMIN,ZEN_HEADBUTT_FAST,SOLAR_BEAM,1.5290904262891059,660156,26.621722216292643,2.3459709
HO_OH,HIDDEN_POWER_POISON_FAST,BRAVE_BIRD,40,15/15/15,SHAYMIN,ZEN_HEADBUTT_FAST,SOLAR_BEAM,1.5314265221873382,684578,14.018436419493954,2.349555
HO_OH,HIDDEN_POWER_ICE_FAST,BRAVE_BIRD,40,15/15/15,SHAYMIN,ZEN_HEADBUTT_FAST,SOLAR_BEAM,1.5314265221873382,684578,14.018436419493954,2.349555
HO_OH,HIDDEN_POWER_BUG_FAST,BRAVE_BIRD,40,15/15/15,SHAYMIN,ZEN_HEADBUTT_FAST,SOLAR_BEAM,1.5314265221873382,684578,14.018436419493954,2.349555
HO_OH,EXTRASENSORY_FAST,BRAVE_BIRD,40,15/15/15,SHAYMIN,ZEN_HEADBUTT_FAST,SOLAR_BEAM,1.5349917065695127,685476,14.121264239168648,2.3550248
SCYTHER_SHADOW_FORM,FURY_CUTTER_FAST,AERIAL_ACE,40,15/15/15,SHAYMIN,ZEN_HEADBUTT_FAST,SOLAR_BEAM,1.5549845185821336,678280,26.13847873433823,2.3856983
HONCHKROW,SNARL_FAST,BRAVE_BIRD,40,15/15/15,SHAYMIN,ZEN_HEADBUTT_FAST,SOLAR_BEAM,1.5655172535161694,671419,28.01919039220412,2.4018579
LUGIA_SHADOW_FORM,DRAGON_TAIL_FAST,SKY_ATTACK,40,15/15/15,SHAYMIN,ZEN_HEADBUTT_FAST,SOLAR_BEAM,1.583928551874743,691999,15.888017211740864,2.430105
YANMEGA,WING_ATTACK_FAST,AERIAL_ACE,40,15/15/15,SHAYMIN,ZEN_HEADBUTT_FAST,SOLAR_BEAM,1.5922848805104644,694358,21.535560538808753,2.4429255
DRAGONITE,DRAGON_TAIL_FAST,HURRICANE,40,15/15/15,SHAYMIN,ZEN_HEADBUTT_FAST,SOLAR_BEAM,1.6116682648662544,702675,16.953536194316463,2.472664
LUGIA,EXTRASENSORY_FAST,AEROBLAST,40,15/15/15,SHAYMIN,ZEN_HEADBUTT_FAST,SOLAR_BEAM,1.6163317226192953,731836,14.192940392909335,2.4798188
DRAGONITE_SHADOW_FORM,STEEL_WING_FAST,HURRICANE,40,15/15/15,SHAYMIN,ZEN_HEADBUTT_FAST,SOLAR_BEAM,1.648732742442706,718857,21.271631384977187,2.5295293
TOGEKISS,AIR_SLASH_FAST,AERIAL_ACE,40,15/15/15,SHAYMIN,ZEN_HEADBUTT_FAST,SOLAR_BEAM,1.6593528178109829,723523,22.315907786032014,2.5458229
TOGEKISS,HIDDEN_POWER_FLYING_FAST,AERIAL_ACE,40,15/15/15,SHAYMIN,ZEN_HEADBUTT_FAST,SOLAR_BEAM,1.6729299534931743,729402,22.39932789627404,2.5666533
LUGIA,EXTRASENSORY_FAST,SKY_ATTACK,40,15/15/15,SHAYMIN,ZEN_HEADBUTT_FAST,SOLAR_BEAM,1.67789590897406,760081,14.704666663736596,2.5742722
YVELTAL,SNARL_FAST,HURRICANE,40,15/15/15,SHAYMIN,ZEN_HEADBUTT_FAST,SOLAR_BEAM,1.679024881855768,732349,19.468317310700414,2.5760043
YANMEGA,BUG_BITE_FAST,AERIAL_ACE,40,15/15/15,SHAYMIN,ZEN_HEADBUTT_FAST,SOLAR_BEAM,1.6800251905455412,732548,22.66034678617245,2.577539
ARTICUNO_SHADOW_FORM,FROST_BREATH_FAST,HURRICANE,40,15/15/15,SHAYMIN,ZEN_HEADBUTT_FAST,SOLAR_BEAM,1.6842506425388064,735193,25.89484284006928,2.5840218
DRAGONITE,DRAGON_BREATH_FAST,HURRICANE,40,15/15/15,SHAYMIN,ZEN_HEADBUTT_FAST,SOLAR_BEAM,1.7064418914965875,743859,17.9878302593156,2.6180682
STARAPTOR,QUICK_ATTACK_FAST,BRAVE_BIRD,40,15/15/15,SHAYMIN,ZEN_HEADBUTT_FAST,SOLAR_BEAM,1.7232073441051465,733584,31.630063143120406,2.6437902
CROBAT_SHADOW_FORM,AIR_SLASH_FAST,AIR_CUTTER,40,15/15/15,SHAYMIN,ZEN_HEADBUTT_FAST,SOLAR_BEAM,1.7266072334565488,753333,29.68532073254466,2.6490064
LUGIA,DRAGON_TAIL_FAST,AEROBLAST,40,15/15/15,SHAYMIN,ZEN_HEADBUTT_FAST,SOLAR_BEAM,1.7392393977837952,790437,15.047796330518267,2.668387
ARTICUNO_SHADOW_FORM,ICE_SHARD_FAST,HURRICANE,40,15/15/15,SHAYMIN,ZEN_HEADBUTT_FAST,SOLAR_BEAM,1.7698243883692786,772428,27.31370668984805,2.7153113
YVELTAL,SUCKER_PUNCH_FAST,HURRICANE,40,15/15/15,SHAYMIN,ZEN_HEADBUTT_FAST,SOLAR_BEAM,1.7705670427780413,771909,20.866296950642127,2.7164507
UNFEZANT,STEEL_WING_FAST,SKY_ATTACK,40,15/15/15,SHAYMIN,ZEN_HEADBUTT_FAST,SOLAR_BEAM,1.7802546612416523,764735,32.02563068792933,2.7313137
SCYTHER_SHADOW_FORM,STEEL_WING_FAST,AERIAL_ACE,40,15/15/15,SHAYMIN,ZEN_HEADBUTT_FAST,SOLAR_BEAM,1.7965829554230068,783840,30.161570724266664,2.756365
LUGIA,DRAGON_TAIL_FAST,SKY_ATTACK,40,15/15/15,SHAYMIN,ZEN_HEADBUTT_FAST,SOLAR_BEAM,1.8067950727480637,817448,15.824435908063133,2.7720327
TOGEKISS,HIDDEN_POWER_POISON_FAST,AERIAL_ACE,40,15/15/15,SHAYMIN,ZEN_HEADBUTT_FAST,SOLAR_BEAM,1.8387788138699739,802112,24.663721083314137,2.821103
TOGEKISS,HIDDEN_POWER_ICE_FAST,AERIAL_ACE,40,15/15/15,SHAYMIN,ZEN_HEADBUTT_FAST,SOLAR_BEAM,1.8387788138699739,802112,24.663721083314137,2.821103
TOGEKISS,HIDDEN_POWER_FIRE_FAST,AERIAL_ACE,40,15/15/15,SHAYMIN,ZEN_HEADBUTT_FAST,SOLAR_BEAM,1.8387788138699739,802112,24.663721083314137,2.821103
TOGEKISS,HIDDEN_POWER_BUG_FAST,AERIAL_ACE,40,15/15/15,SHAYMIN,ZEN_HEADBUTT_FAST,SOLAR_BEAM,1.8387788138699739,802112,24.663721083314137,2.821103
RAYQUAZA,SPLASH_FAST,AERIAL_ACE,40,15/15/15,SHAYMIN,ZEN_HEADBUTT_FAST,SOLAR_BEAM,1.8525945714400431,807401,21.664923990648443,2.8422995
DRAGONITE,STEEL_WING_FAST,HURRICANE,40,15/15/15,SHAYMIN,ZEN_HEADBUTT_FAST,SOLAR_BEAM,1.9093069314932922,832195,20.08668784396981,2.9293091
TOGEKISS,CHARM_FAST,AERIAL_ACE,40,15/15/15,SHAYMIN,ZEN_HEADBUTT_FAST,SOLAR_BEAM,1.9595985312206854,854795,26.227687496793745,3.0064678
TOGEKISS,HIDDEN_POWER_FAST,AERIAL_ACE,40,15/15/15,SHAYMIN,ZEN_HEADBUTT_FAST,SOLAR_BEAM,1.9850859690590648,865886,26.456600882000412,3.0455713
TORNADUS,BITE_FAST,HURRICANE,40,15/15/15,SHAYMIN,ZEN_HEADBUTT_FAST,SOLAR_BEAM,2.001318579839325,854359,36.238767433939366,3.0704758
BRAVIARY,STEEL_WING_FAST,BRAVE_BIRD,40,15/15/15,SHAYMIN,ZEN_HEADBUTT_FAST,SOLAR_BEAM,2.032300839041748,869727,36.48138679560809,3.1180096
TORNADUS_THERIAN_FORM,ASTONISH_FAST,HURRICANE,40,15/15/15,SHAYMIN,ZEN_HEADBUTT_FAST,SOLAR_BEAM,2.196223777664105,953451,37.01650839358048,3.3695045
CROBAT_SHADOW_FORM,BITE_FAST,AIR_CUTTER,40,15/15/15,SHAYMIN,ZEN_HEADBUTT_FAST,SOLAR_BEAM,2.2845063805446184,996815,39.084086740163166,3.50495
MOLTRES_SHADOW_FORM,WING_ATTACK_FAST,SKY_ATTACK,40,15/15/15,SHAYMIN,ZEN_HEADBUTT_FAST,GRASS_KNOT,1.0045742922948009,438173,12.07536341232417,1.5412444
MOLTRES_SHADOW_FORM,FIRE_SPIN_FAST,SKY_ATTACK,40,15/15/15,SHAYMIN,ZEN_HEADBUTT_FAST,GRASS_KNOT,1.0610365588807493,462688,12.754421499438324,1.6278703
PIDGEOT_MEGA,GUST_FAST,BRAVE_BIRD,40,15/15/15,SHAYMIN,ZEN_HEADBUTT_FAST,GRASS_KNOT,1.0659495886656625,464950,16.587258552252802,1.635408
HO_OH_SHADOW_FORM,HIDDEN_POWER_FLYING_FAST,BRAVE_BIRD,40,15/15/15,SHAYMIN,ZEN_HEADBUTT_FAST,GRASS_KNOT,1.0902774192909208,487297,10.030820149223667,1.6727324
HONCHKROW_SHADOW_FORM,PECK_FAST,SKY_ATTACK,40,15/15/15,SHAYMIN,ZEN_HEADBUTT_FAST,GRASS_KNOT,1.0941507068317948,457622,21.7242091799198,1.6786749
PIDGEOT_MEGA,WING_ATTACK_FAST,BRAVE_BIRD,40,15/15/15,SHAYMIN,ZEN_HEADBUTT_FAST,GRASS_KNOT,1.0979613569418438,478999,17.098706931365427,1.6845213
PIDGEOT_MEGA,AIR_SLASH_FAST,BRAVE_BIRD,40,15/15/15,SHAYMIN,ZEN_HEADBUTT_FAST,GRASS_KNOT,1.1340859471587765,494774,17.660174672872035,1.7399446
HO_OH_SHADOW_FORM,INCINERATE_FAST,BRAVE_BIRD,40,15/15/15,SHAYMIN,ZEN_HEADBUTT_FAST,GRASS_KNOT,1.140349820600141,507720,10.52108518618941,1.7495548
HONCHKROW_SHADOW_FORM,PECK_FAST,BRAVE_BIRD,40,15/15/15,SHAYMIN,ZEN_HEADBUTT_FAST,GRASS_KNOT,1.1524071675471104,481892,22.91088732811577,1.7680535
STARAPTOR_SHADOW_FORM,WING_ATTACK_FAST,BRAVE_BIRD,40,15/15/15,SHAYMIN,ZEN_HEADBUTT_FAST,GRASS_KNOT,1.1641797455707972,483962,24.005759143880915,1.7861153
HO_OH_SHADOW_FORM,HIDDEN_POWER_FIRE_FAST,BRAVE_BIRD,40,15/15/15,SHAYMIN,ZEN_HEADBUTT_FAST,GRASS_KNOT,1.1679210447688815,522125,10.75305958113362,1.7918553
HONCHKROW_SHADOW_FORM,SNARL_FAST,SKY_ATTACK,40,15/15/15,SHAYMIN,ZEN_HEADBUTT_FAST,GRASS_KNOT,1.198584055130325,501201,23.811752459429208,1.8388993
PIDGEOT_MEGA,GUST_FAST,HURRICANE,40,15/15/15,SHAYMIN,ZEN_HEADBUTT_FAST,GRASS_KNOT,1.2114533422185931,528761,18.862196501176783,1.8586437
MOLTRES,WING_ATTACK_FAST,SKY_ATTACK,40,15/15/15,SHAYMIN,ZEN_HEADBUTT_FAST,GRASS_KNOT,1.2172573096121928,530572,12.66031718564539,1.8675483
LUGIA_SHADOW_FORM,EXTRASENSORY_FAST,AEROBLAST_PLUS,40,15/15/15,SHAYMIN,ZEN_HEADBUTT_FAST,GRASS_KNOT,1.2313953794563828,551711,11.213745608929298,1.8892393
ZAPDOS_SHADOW_FORM,THUNDER_SHOCK_FAST,DRILL_PECK,40,15/15/15,SHAYMIN,ZEN_HEADBUTT_FAST,GRASS_KNOT,1.2382303550505975,539952,20.310692537930528,1.8997257
ZAPDOS_SHADOW_FORM,CHARGE_BEAM_FAST,DRILL_PECK,40,15/15/15,SHAYMIN,ZEN_HEADBUTT_FAST,GRASS_KNOT,1.2441024349470196,542485,20.408308770864725,1.9087348
MOLTRES,FIRE_SPIN_FAST,SKY_ATTACK,40,15/15/15,SHAYMIN,ZEN_HEADBUTT_FAST,GRASS_KNOT,1.2539110916094263,546536,13.05503650256006,1.9237835
HO_OH,HIDDEN_POWER_FLYING_FAST,BRAVE_BIRD,40,15/15/15,SHAYMIN,ZEN_HEADBUTT_FAST,GRASS_KNOT,1.2544975761074115,573555,10.253128518698938,1.9246833
RAYQUAZA,AIR_SLASH_FAST,HURRICANE,40,15/15/15,SHAYMIN,ZEN_HEADBUTT_FAST,GRASS_KNOT,1.2587805163566472,548670,13.095371037409272,1.9312543
HO_OH_SHADOW_FORM,HIDDEN_POWER_POISON_FAST,BRAVE_BIRD,40,15/15/15,SHAYMIN,ZEN_HEADBUTT_FAST,GRASS_KNOT,1.2632375508595082,564818,11.622589588231895,1.9380924
HO_OH_SHADOW_FORM,HIDDEN_POWER_ICE_FAST,BRAVE_BIRD,40,15/15/15,SHAYMIN,ZEN_HEADBUTT_FAST,GRASS_KNOT,1.2632375508595082,564818,11.622589588231895,1.9380924
HO_OH_SHADOW_FORM,HIDDEN_POWER_BUG_FAST,BRAVE_BIRD,40,15/15/15,SHAYMIN,ZEN_HEADBUTT_FAST,GRASS_KNOT,1.2632375508595082,564818,11.622589588231895,1.9380924
PIDGEOT_MEGA,AIR_SLASH_FAST,HURRICANE,40,15/15/15,SHAYMIN,ZEN_HEADBUTT_FAST,GRASS_KNOT,1.279749325132197,558589,19.943270088300896,1.9634252
PIDGEOT_MEGA,GUST_FAST,AERIAL_ACE,40,15/15/15,SHAYMIN,ZEN_HEADBUTT_FAST,GRASS_KNOT,1.2874081035237042,561919,20.068157119248983,1.9751755
HO_OH_SHADOW_FORM,EXTRASENSORY_FAST,BRAVE_BIRD,40,15/15/15,SHAYMIN,ZEN_HEADBUTT_FAST,GRASS_KNOT,1.2896725672299734,574109,11.899085420412694,1.9786497
PIDGEOT_MEGA,WING_ATTACK_FAST,HURRICANE,40,15/15/15,SHAYMIN,ZEN_HEADBUTT_FAST,GRASS_KNOT,1.2928551483666295,564294,20.14647154746681,1.9835325
YVELTAL,GUST_FAST,HURRICANE,40,15/15/15,SHAYMIN,ZEN_HEADBUTT_FAST,GRASS_KNOT,1.2978280128669406,566871,13.901087376090505,1.991162
STARAPTOR,WING_ATTACK_FAST,BRAVE_BIRD,40,15/15/15,SHAYMIN,ZEN_HEADBUTT_FAST,GRASS_KNOT,1.3041924581665392,558939,23.61275946332306,2.0009265
HO_OH,INCINERATE_FAST,BRAVE_BIRD,40,15/15/15,SHAYMIN,ZEN_HEADBUTT_FAST,GRASS_KNOT,1.304888509283897,596594,10.737105166676796,2.0019944
HONCHKROW_SHADOW_FORM,SNARL_FAST,BRAVE_BIRD,40,15/15/15,SHAYMIN,ZEN_HEADBUTT_FAST,GRASS_KNOT,1.3167812129943794,550821,26.140439194467973,2.0202405
HONCHKROW,PECK_FAST,SKY_ATTACK,40,15/15/15,SHAYMIN,ZEN_HEADBUTT_FAST,GRASS_KNOT,1.316992915778271,559732,24.6944542830831,2.0205653
RAYQUAZA,AIR_SLASH_FAST,AERIAL_ACE,40,15/15/15,SHAYMIN,ZEN_HEADBUTT_FAST,GRASS_KNOT,1.3204713463410616,575683,13.73502139355113,2.025902
DRAGONITE_SHADOW_FORM,DRAGON_TAIL_FAST,HURRICANE,40,15/15/15,SHAYMIN,ZEN_HEADBUTT_FAST,GRASS_KNOT,1.3223375637389632,576516,14.693600792634243,2.0287652
STARAPTOR_SHADOW_FORM,QUICK_ATTACK_FAST,BRAVE_BIRD,40,15/15/15,SHAYMIN,ZEN_HEADBUTT_FAST,GRASS_KNOT,1.328427799182702,552370,27.374778540217317,2.038109
LUGIA_SHADOW_FORM,EXTRASENSORY_FAST,AEROBLAST,40,15/15/15,SHAYMIN,ZEN_HEADBUTT_FAST,GRASS_KNOT,1.33084836762032,596748,12.109358968666617,2.0418227
PIDGEOT_MEGA,AIR_SLASH_FAST,AERIAL_ACE,40,15/15/15,SHAYMIN,ZEN_HEADBUTT_FAST,GRASS_KNOT,1.342071026805431,585703,20.92243097126053,2.0590408
PIDGEOT_MEGA,WING_ATTACK_FAST,AERIAL_ACE,40,15/15/15,SHAYMIN,ZEN_HEADBUTT_FAST,GRASS_KNOT,1.3450021457067876,586991,20.964816674671034,2.0635378
TORNADUS,AIR_SLASH_FAST,HURRICANE,40,15/15/15,SHAYMIN,ZEN_HEADBUTT_FAST,GRASS_KNOT,1.351359421269247,588996,22.415523125758,2.0732913
DRAGONITE_SHADOW_FORM,DRAGON_BREATH_FAST,HURRICANE,40,15/15/15,SHAYMIN,ZEN_HEADBUTT_FAST,GRASS_KNOT,1.3531776014283161,590052,15.025842497004565,2.0760808
LUGIA,EXTRASENSORY_FAST,AEROBLAST_PLUS_PLUS,40,15/15/15,SHAYMIN,ZEN_HEADBUTT_FAST,GRASS_KNOT,1.3600612008762203,621471,10.74775551284856,2.0866418
HO_OH,HIDDEN_POWER_FIRE_FAST,BRAVE_BIRD,40,15/15/15,SHAYMIN,ZEN_HEADBUTT_FAST,GRASS_KNOT,1.368751899980342,625771,11.203111233867293,2.0999753
BRAVIARY,AIR_SLASH_FAST,BRAVE_BIRD,40,15/15/15,SHAYMIN,ZEN_HEADBUTT_FAST,GRASS_KNOT,1.370902951480955,598231,20.74124527781107,2.1032755
LUGIA_SHADOW_FORM,DRAGON_TAIL_FAST,AEROBLAST_PLUS,40,15/15/15,SHAYMIN,ZEN_HEADBUTT_FAST,GRASS_KNOT,1.3733705794659772,615942,12.493754369947183,2.1070614
UNFEZANT,AIR_SLASH_FAST,SKY_ATTACK,40,15/15/15,SHAYMIN,ZEN_HEADBUTT_FAST,GRASS_KNOT,1.3765981995877532,587153,25.260768273130825,2.1120133
HONCHKROW,PECK_FAST,BRAVE_BIRD,40,15/15/15,SHAYMIN,ZEN_HEADBUTT_FAST,GRASS_KNOT,1.378704994256389,585856,25.88800398510466,2.1152456
PIDGEOT_MEGA,GUST_FAST,AIR_CUTTER,40,15/15/15,SHAYMIN,ZEN_HEADBUTT_FAST,GRASS_KNOT,1.380653402913677,602520,21.52458977825682,2.1182349
LUGIA_SHADOW_FORM,EXTRASENSORY_FAST,SKY_ATTACK,40,15/15/15,SHAYMIN,ZEN_HEADBUTT_FAST,GRASS_KNOT,1.3935725522647766,625191,12.680620491054162,2.1380558
SCYTHER_SHADOW_FORM,AIR_SLASH_FAST,AERIAL_ACE,40,15/15/15,SHAYMIN,ZEN_HEADBUTT_FAST,GRASS_KNOT,1.414901477382999,617330,21.142050659551707,2.1707792
HONCHKROW,SNARL_FAST,SKY_ATTACK,40,15/15/15,SHAYMIN,ZEN_HEADBUTT_FAST,GRASS_KNOT,1.4158421468956601,601705,26.573073920767378,2.1722224
TORNADUS_THERIAN_FORM,GUST_FAST,HURRICANE,40,15/15/15,SHAYMIN,ZEN_HEADBUTT_FAST,GRASS_KNOT,1.4384776588383568,627672,21.714678360042686,2.2069504
HO_OH,HIDDEN_POWER_POISON_FAST,BRAVE_BIRD,40,15/15/15,SHAYMIN,ZEN_HEADBUTT_FAST,GRASS_KNOT,1.4587594112576867,666943,11.936230007842639,2.2380672
HO_OH,HIDDEN_POWER_ICE_FAST,BRAVE_BIRD,40,15/15/15,SHAYMIN,ZEN_HEADBUTT_FAST,GRASS_KNOT,1.4587594112576867,666943,11.936230007842639,2.2380672
HO_OH,HIDDEN_POWER_BUG_FAST,BRAVE_BIRD,40,15/15/15,SHAYMIN,ZEN_HEADBUTT_FAST,GRASS_KNOT,1.4587594112576867,666943,11.936230007842639,2.2380672
ZAPDOS,THUNDER_SHOCK_FAST,DRILL_PECK,40,15/15/15,SHAYMIN,ZEN_HEADBUTT_FAST,GRASS_KNOT,1.4612586512655499,637458,20.517488502951306,2.2419016
LUGIA_SHADOW_FORM,DRAGON_TAIL_FAST,AEROBLAST,40,15/15/15,SHAYMIN,ZEN_HEADBUTT_FAST,GRASS_KNOT,1.4764974712988905,662546,13.419619390512578,2.2652814
HONCHKROW,SNARL_FAST,BRAVE_BIRD,40,15/15/15,SHAYMIN,ZEN_HEADBUTT_FAST,GRASS_KNOT,1.4788350011445508,628488,27.72405114030536,2.2688677
RAYQUAZA,DRAGON_TAIL_FAST,AERIAL_ACE,40,15/15/15,SHAYMIN,ZEN_HEADBUTT_FAST,GRASS_KNOT,1.4789392882302117,645047,15.37267566063644,2.2690277
ZAPDOS,CHARGE_BEAM_FAST,DRILL_PECK,40,15/15/15,SHAYMIN,ZEN_HEADBUTT_FAST,GRASS_KNOT,1.4882915585339949,649195,20.92100882416721,2.2833762
RAYQUAZA,DRAGON_TAIL_FAST,HURRICANE,40,15/15/15,SHAYMIN,ZEN_HEADBUTT_FAST,GRASS_KNOT,1.491766795304787,650630,15.5062437141572,2.288708
HO_OH,EXTRASENSORY_FAST,BRAVE_BIRD,40,15/15/15,SHAYMIN,ZEN_HEADBUTT_FAST,GRASS_KNOT,1.5038780456391574,687572,12.387692422337457,2.3072894
LUGIA,DRAGON_TAIL_FAST,AEROBLAST_PLUS_PLUS,40,15/15/15,SHAYMIN,ZEN_HEADBUTT_FAST,GRASS_KNOT,1.5120014229972838,691146,11.967834019691916,2.3197525
SCYTHER_SHADOW_FORM,FURY_CUTTER_FAST,AERIAL_ACE,40,15/15/15,SHAYMIN,ZEN_HEADBUTT_FAST,GRASS_KNOT,1.5273299951037214,666285,22.81907848603177,2.34327
LUGIA_SHADOW_FORM,DRAGON_TAIL_FAST,SKY_ATTACK,40,15/15/15,SHAYMIN,ZEN_HEADBUTT_FAST,GRASS_KNOT,1.5409806531813037,691356,14.007944718475462,2.3642132
STARAPTOR,QUICK_ATTACK_FAST,BRAVE_BIRD,40,15/15/15,SHAYMIN,ZEN_HEADBUTT_FAST,GRASS_KNOT,1.5469119811782668,663396,27.94267047247251,2.3733132
DRAGONITE,DRAGON_TAIL_FAST,HURRICANE,40,15/15/15,SHAYMIN,ZEN_HEADBUTT_FAST,GRASS_KNOT,1.5880923441286112,696034,15.16779722467834,2.4364932
YANMEGA,WING_ATTACK_FAST,AERIAL_ACE,40,15/15/15,SHAYMIN,ZEN_HEADBUTT_FAST,GRASS_KNOT,1.5942845201985834,695217,19.173255897781225,2.4459934
LUGIA,EXTRASENSORY_FAST,AEROBLAST,40,15/15/15,SHAYMIN,ZEN_HEADBUTT_FAST,GRASS_KNOT,1.6003623715509,731569,12.654666912148546,2.4553182
TOGEKISS,AIR_SLASH_FAST,AERIAL_ACE,40,15/15/15,SHAYMIN,ZEN_HEADBUTT_FAST,GRASS_KNOT,1.6498120485998675,719336,20.3163817426522,2.5311852
DRAGONITE_SHADOW_FORM,STEEL_WING_FAST,HURRICANE,40,15/15/15,SHAYMIN,ZEN_HEADBUTT_FAST,GRASS_KNOT,1.6511145942997723,719882,18.34204982392809,2.5331836
YVELTAL,SNARL_FAST,HURRICANE,40,15/15/15,SHAYMIN,ZEN_HEADBUTT_FAST,GRASS_KNOT,1.651938788173636,721332,17.68152204258229,2.5344481
LUGIA,EXTRASENSORY_FAST,SKY_ATTACK,40,15/15/15,SHAYMIN,ZEN_HEADBUTT_FAST,GRASS_KNOT,1.6598805104644268,758829,13.149393912376787,2.5466325
YANMEGA,BUG_BITE_FAST,AERIAL_ACE,40,15/15/15,SHAYMIN,ZEN_HEADBUTT_FAST,GRASS_KNOT,1.680813666092566,732786,20.231180087323228,2.5787487
TOGEKISS,HIDDEN_POWER_FLYING_FAST,AERIAL_ACE,40,15/15/15,SHAYMIN,ZEN_HEADBUTT_FAST,GRASS_KNOT,1.6819551534245532,733302,20.47908065553621,2.5805
ARTICUNO_SHADOW_FORM,FROST_BREATH_FAST,HURRICANE,40,15/15/15,SHAYMIN,ZEN_HEADBUTT_FAST,GRASS_KNOT,1.6874540810925949,735824,22.51908424231722,2.5889366
DRAGONITE,DRAGON_BREATH_FAST,HURRICANE,40,15/15/15,SHAYMIN,ZEN_HEADBUTT_FAST,GRASS_KNOT,1.6950392719092828,742294,16.19158627523313,2.600574
CROBAT_SHADOW_FORM,AIR_SLASH_FAST,AIR_CUTTER,40,15/15/15,SHAYMIN,ZEN_HEADBUTT_FAST,GRASS_KNOT,1.6969584801825857,740760,25.321820330562495,2.6035185
YVELTAL,SUCKER_PUNCH_FAST,HURRICANE,40,15/15/15,SHAYMIN,ZEN_HEADBUTT_FAST,GRASS_KNOT,1.7229514496687062,751821,18.476389678170733,2.6433976
LUGIA,DRAGON_TAIL_FAST,AEROBLAST,40,15/15/15,SHAYMIN,ZEN_HEADBUTT_FAST,GRASS_KNOT,1.748143429157522,799217,13.839957501374831,2.6820478
UNFEZANT,STEEL_WING_FAST,SKY_ATTACK,40,15/15/15,SHAYMIN,ZEN_HEADBUTT_FAST,GRASS_KNOT,1.7571723443163278,749641,32.23015141733198,2.6959002
SCYTHER_SHADOW_FORM,STEEL_WING_FAST,AERIAL_ACE,40,15/15/15,SHAYMIN,ZEN_HEADBUTT_FAST,GRASS_KNOT,1.761232240561106,768677,26.32165722269991,2.702129
ARTICUNO_SHADOW_FORM,ICE_SHARD_FAST,HURRICANE,40,15/15/15,SHAYMIN,ZEN_HEADBUTT_FAST,GRASS_KNOT,1.7688723776360518,771420,23.62585220813479,2.7138507
LUGIA,DRAGON_TAIL_FAST,SKY_ATTACK,40,15/15/15,SHAYMIN,ZEN_HEADBUTT_FAST,GRASS_KNOT,1.773155383064716,810628,14.04484859351163,2.7204218
BRAVIARY,STEEL_WING_FAST,BRAVE_BIRD,40,15/15/15,SHAYMIN,ZEN_HEADBUTT_FAST,GRASS_KNOT,1.828501191219236,798009,27.63207394815294,2.8053348
TORNADUS,BITE_FAST,HURRICANE,40,15/15/15,SHAYMIN,ZEN_HEADBUTT_FAST,GRASS_KNOT,1.8429302220324197,803522,30.571657724078083,2.8274722
TOGEKISS,HIDDEN_POWER_POISON_FAST,AERIAL_ACE,40,15/15/15,SHAYMIN,ZEN_HEADBUTT_FAST,GRASS_KNOT,1.846262650675285,804862,22.52331529004318,2.8325849
TOGEKISS,HIDDEN_POWER_ICE_FAST,AERIAL_ACE,40,15/15/15,SHAYMIN,ZEN_HEADBUTT_FAST,GRASS_KNOT,1.846262650675285,804862,22.52331529004318,2.8325849
TOGEKISS,HIDDEN_POWER_FIRE_FAST,AERIAL_ACE,40,15/15/15,SHAYMIN,ZEN_HEADBUTT_FAST,GRASS_KNOT,1.846262650675285,804862,22.52331529004318,2.8325849
TOGEKISS,HIDDEN_POWER_BUG_FAST,AERIAL_ACE,40,15/15/15,SHAYMIN,ZEN_HEADBUTT_FAST,GRASS_KNOT,1.846262650675285,804862,22.52331529004318,2.8325849
DRAGONITE,STEEL_WING_FAST,HURRICANE,40,15/15/15,SHAYMIN,ZEN_HEADBUTT_FAST,GRASS_KNOT,1.8546900900675416,811853,17.713502936019978,2.8455145
RAYQUAZA,SPLASH_FAST,AERIAL_ACE,40,15/15/15,SHAYMIN,ZEN_HEADBUTT_FAST,GRASS_KNOT,1.8556108798544988,808712,19.24728236481328,2.8469272
TOGEKISS,CHARM_FAST,AERIAL_ACE,40,15/15/15,SHAYMIN,ZEN_HEADBUTT_FAST,GRASS_KNOT,1.9646340983312505,856697,24.268296739144112,3.0141935
TOGEKISS,HIDDEN_POWER_FAST,AERIAL_ACE,40,15/15/15,SHAYMIN,ZEN_HEADBUTT_FAST,GRASS_KNOT,1.991210293343929,868301,24.508795149952405,3.0549674
TORNADUS_THERIAN_FORM,ASTONISH_FAST,HURRICANE,40,15/15/15,SHAYMIN,ZEN_HEADBUTT_FAST,GRASS_KNOT,2.0611456040646936,899535,31.047053713420873,3.162264
CROBAT_SHADOW_FORM,BITE_FAST,AIR_CUTTER,40,15/15/15,SHAYMIN,ZEN_HEADBUTT_FAST,GRASS_KNOT,2.248160245450085,981164,33.54090406607082,3.4491868
MOLTRES_SHADOW_FORM,WING_ATTACK_FAST,SKY_ATTACK,40,15/15/15,SHAYMIN,HIDDEN_POWER_FIGHTING_FAST,GRASS_KNOT,1.0025130580467132,437482,10.417229144405814,1.538082
MOLTRES_SHADOW_FORM,FIRE_SPIN_FAST,SKY_ATTACK,40,15/15/15,SHAYMIN,HIDDEN_POWER_FIGHTING_FAST,GRASS_KNOT,1.0592175313891092,462222,11.022324259466178,1.6250795
PIDGEOT_MEGA,GUST_FAST,BRAVE_BIRD,40,15/15/15,SHAYMIN,HIDDEN_POWER_FIGHTING_FAST,GRASS_KNOT,1.065970380903366,464870,15.423253228726546,1.6354399
HO_OH_SHADOW_FORM,HIDDEN_POWER_FLYING_FAST,BRAVE_BIRD,40,15/15/15,SHAYMIN,HIDDEN_POWER_FIGHTING_FAST,GRASS_KNOT,1.0665372463933616,487138,8.397860322106121,1.6363096
PIDGEOT_MEGA,WING_ATTACK_FAST,BRAVE_BIRD,40,15/15/15,SHAYMIN,HIDDEN_POWER_FIGHTING_FAST,GRASS_KNOT,1.0805937115930218,471279,15.60583219666464,1.6578754
HO_OH_SHADOW_FORM,INCINERATE_FAST,BRAVE_BIRD,40,15/15/15,SHAYMIN,HIDDEN_POWER_FIGHTING_FAST,GRASS_KNOT,1.1006385367896159,502737,8.672932192646208,1.6886287
HONCHKROW_SHADOW_FORM,PECK_FAST,SKY_ATTACK,40,15/15/15,SHAYMIN,HIDDEN_POWER_FIGHTING_FAST,GRASS_KNOT,1.1156974616001916,462383,24.838510915159162,1.7117325
PIDGEOT_MEGA,AIR_SLASH_FAST,BRAVE_BIRD,40,15/15/15,SHAYMIN,HIDDEN_POWER_FIGHTING_FAST,GRASS_KNOT,1.1375620964415682,496034,16.525683392249718,1.7452778
HO_OH_SHADOW_FORM,HIDDEN_POWER_FIRE_FAST,BRAVE_BIRD,40,15/15/15,SHAYMIN,HIDDEN_POWER_FIGHTING_FAST,GRASS_KNOT,1.1408677363393043,521098,8.980432297077542,1.7503494
STARAPTOR_SHADOW_FORM,WING_ATTACK_FAST,BRAVE_BIRD,40,15/15/15,SHAYMIN,HIDDEN_POWER_FIGHTING_FAST,GRASS_KNOT,1.1452578315690565,479915,22.27638193006267,1.7570848
MOLTRES,WING_ATTACK_FAST,SKY_ATTACK,40,15/15/15,SHAYMIN,HIDDEN_POWER_FIGHTING_FAST,GRASS_KNOT,1.1853923905885075,534166,10.714307650169204,1.8186603
LUGIA_SHADOW_FORM,EXTRASENSORY_FAST,AEROBLAST_PLUS,40,15/15/15,SHAYMIN,HIDDEN_POWER_FIGHTING_FAST,GRASS_KNOT,1.1989356329678593,545552,9.930981559784335,1.8394387
PIDGEOT_MEGA,GUST_FAST,HURRICANE,40,15/15/15,SHAYMIN,HIDDEN_POWER_FIGHTING_FAST,GRASS_KNOT,1.2136122152506306,529393,17.644929545985168,1.8619559
MOLTRES,FIRE_SPIN_FAST,SKY_ATTACK,40,15/15/15,SHAYMIN,HIDDEN_POWER_FIGHTING_FAST,GRASS_KNOT,1.2156034467924681,547807,10.990043882444564,1.8650109
HONCHKROW_SHADOW_FORM,SNARL_FAST,SKY_ATTACK,40,15/15/15,SHAYMIN,HIDDEN_POWER_FIGHTING_FAST,GRASS_KNOT,1.2203050996906324,505816,27.1683649748106,1.8722243
HO_OH_SHADOW_FORM,HIDDEN_POWER_POISON_FAST,BRAVE_BIRD,40,15/15/15,SHAYMIN,HIDDEN_POWER_FIGHTING_FAST,GRASS_KNOT,1.2346147217907344,563916,9.709453089298405,1.8941785
HO_OH_SHADOW_FORM,HIDDEN_POWER_ICE_FAST,BRAVE_BIRD,40,15/15/15,SHAYMIN,HIDDEN_POWER_FIGHTING_FAST,GRASS_KNOT,1.2346147217907344,563916,9.709453089298405,1.8941785
HO_OH_SHADOW_FORM,HIDDEN_POWER_BUG_FAST,BRAVE_BIRD,40,15/15/15,SHAYMIN,HIDDEN_POWER_FIGHTING_FAST,GRASS_KNOT,1.2346147217907344,563916,9.709453089298405,1.8941785
ZAPDOS_SHADOW_FORM,THUNDER_SHOCK_FAST,DRILL_PECK,40,15/15/15,SHAYMIN,HIDDEN_POWER_FIGHTING_FAST,GRASS_KNOT,1.236457539773791,539233,17.474151014800928,1.8970058
RAYQUAZA,AIR_SLASH_FAST,HURRICANE,40,15/15/15,SHAYMIN,HIDDEN_POWER_FIGHTING_FAST,GRASS_KNOT,1.2385930133909833,555123,11.311733878442917,1.9002821
ZAPDOS_SHADOW_FORM,CHARGE_BEAM_FAST,DRILL_PECK,40,15/15/15,SHAYMIN,HIDDEN_POWER_FIGHTING_FAST,GRASS_KNOT,1.244816866663225,542822,17.57177892871917,1.9098309
HONCHKROW_SHADOW_FORM,PECK_FAST,BRAVE_BIRD,40,15/15/15,SHAYMIN,HIDDEN_POWER_FIGHTING_FAST,GRASS_KNOT,1.256413199512145,520782,27.977733203210406,1.9276223
HO_OH,HIDDEN_POWER_FLYING_FAST,BRAVE_BIRD,40,15/15/15,SHAYMIN,HIDDEN_POWER_FIGHTING_FAST,GRASS_KNOT,1.2617755762773994,576883,8.93303185861384,1.9358494
HO_OH_SHADOW_FORM,EXTRASENSORY_FAST,BRAVE_BIRD,40,15/15/15,SHAYMIN,HIDDEN_POWER_FIGHTING_FAST,GRASS_KNOT,1.2647235766507472,577771,9.93010521830954,1.9403723
PIDGEOT_MEGA,WING_ATTACK_FAST,HURRICANE,40,15/15/15,SHAYMIN,HIDDEN_POWER_FIGHTING_FAST,GRASS_KNOT,1.2800666185903202,558487,18.623882615601552,1.963912
RAYQUAZA,AIR_SLASH_FAST,AERIAL_ACE,40,15/15/15,SHAYMIN,HIDDEN_POWER_FIGHTING_FAST,GRASS_KNOT,1.2809357210904466,575337,11.69726874178728,1.9652454
PIDGEOT_MEGA,GUST_FAST,AERIAL_ACE,40,15/15/15,SHAYMIN,HIDDEN_POWER_FIGHTING_FAST,GRASS_KNOT,1.2860760967221005,561156,18.731404725527547,1.9731319
STARAPTOR,WING_ATTACK_FAST,BRAVE_BIRD,40,15/15/15,SHAYMIN,HIDDEN_POWER_FIGHTING_FAST,GRASS_KNOT,1.2882802042775434,559059,22.054907479859985,1.9765135
PIDGEOT_MEGA,AIR_SLASH_FAST,HURRICANE,40,15/15/15,SHAYMIN,HIDDEN_POWER_FIGHTING_FAST,GRASS_KNOT,1.2932632367687065,564297,18.845781699311825,1.9841586
LUGIA_SHADOW_FORM,EXTRASENSORY_FAST,AEROBLAST,40,15/15/15,SHAYMIN,HIDDEN_POWER_FIGHTING_FAST,GRASS_KNOT,1.2999794554441249,591285,10.770804196416401,1.9944628
HO_OH,INCINERATE_FAST,BRAVE_BIRD,40,15/15/15,SHAYMIN,HIDDEN_POWER_FIGHTING_FAST,GRASS_KNOT,1.3019238881562722,595238,9.205441301750945,1.997446
HONCHKROW,PECK_FAST,SKY_ATTACK,40,15/15/15,SHAYMIN,HIDDEN_POWER_FIGHTING_FAST,GRASS_KNOT,1.3087449153527797,550720,25.324362744702206,2.007911
DRAGONITE_SHADOW_FORM,DRAGON_TAIL_FAST,HURRICANE,40,15/15/15,SHAYMIN,HIDDEN_POWER_FIGHTING_FAST,GRASS_KNOT,1.3113526791091588,581162,12.431824328832977,2.0119119
YVELTAL,GUST_FAST,HURRICANE,40,15/15/15,SHAYMIN,HIDDEN_POWER_FIGHTING_FAST,GRASS_KNOT,1.3151021257358106,573280,14.894411309105994,2.0176644
STARAPTOR_SHADOW_FORM,QUICK_ATTACK_FAST,BRAVE_BIRD,40,15/15/15,SHAYMIN,HIDDEN_POWER_FIGHTING_FAST,GRASS_KNOT,1.3336664002131629,558904,25.94037504429299,2.0461462
LUGIA,EXTRASENSORY_FAST,AEROBLAST_PLUS_PLUS,40,15/15/15,SHAYMIN,HIDDEN_POWER_FIGHTING_FAST,GRASS_KNOT,1.336703500865322,611093,9.613124326161595,2.0508058
HONCHKROW_SHADOW_FORM,SNARL_FAST,BRAVE_BIRD,40,15/15/15,SHAYMIN,HIDDEN_POWER_FIGHTING_FAST,GRASS_KNOT,1.3373219884627197,554432,29.813388157635377,2.0517547
PIDGEOT_MEGA,AIR_SLASH_FAST,AERIAL_ACE,40,15/15/15,SHAYMIN,HIDDEN_POWER_FIGHTING_FAST,GRASS_KNOT,1.340836854326063,585113,19.509408143667006,2.0571473
DRAGONITE_SHADOW_FORM,DRAGON_BREATH_FAST,HURRICANE,40,15/15/15,SHAYMIN,HIDDEN_POWER_FIGHTING_FAST,GRASS_KNOT,1.341436505068613,594993,12.743863708126632,2.0580673
PIDGEOT_MEGA,WING_ATTACK_FAST,AERIAL_ACE,40,15/15/15,SHAYMIN,HIDDEN_POWER_FIGHTING_FAST,GRASS_KNOT,1.3422647400670462,585693,19.573008119624486,2.059338
BRAVIARY,AIR_SLASH_FAST,BRAVE_BIRD,40,15/15/15,SHAYMIN,HIDDEN_POWER_FIGHTING_FAST,GRASS_KNOT,1.3607637699364319,593804,19.90976454042685,2.0877197
HONCHKROW,PECK_FAST,BRAVE_BIRD,40,15/15/15,SHAYMIN,HIDDEN_POWER_FIGHTING_FAST,GRASS_KNOT,1.3618190900638916,573043,26.36380868229678,2.0893388
UNFEZANT,AIR_SLASH_FAST,SKY_ATTACK,40,15/15/15,SHAYMIN,HIDDEN_POWER_FIGHTING_FAST,GRASS_KNOT,1.3706159664571018,593784,23.91229860032497,2.1028352
HO_OH,HIDDEN_POWER_FIRE_FAST,BRAVE_BIRD,40,15/15/15,SHAYMIN,HIDDEN_POWER_FIGHTING_FAST,GRASS_KNOT,1.371955925148987,627257,9.711266646382299,2.104891
TORNADUS,AIR_SLASH_FAST,HURRICANE,40,15/15/15,SHAYMIN,HIDDEN_POWER_FIGHTING_FAST,GRASS_KNOT,1.3721377757546085,598663,19.36494000183887,2.10517
LUGIA_SHADOW_FORM,EXTRASENSORY_FAST,SKY_ATTACK,40,15/15/15,SHAYMIN,HIDDEN_POWER_FIGHTING_FAST,GRASS_KNOT,1.3734856863367755,625141,11.419342640141084,2.107238
PIDGEOT_MEGA,GUST_FAST,AIR_CUTTER,40,15/15/15,SHAYMIN,HIDDEN_POWER_FIGHTING_FAST,GRASS_KNOT,1.3873332514679713,605400,20.213213144111176,2.1284833
LUGIA_SHADOW_FORM,DRAGON_TAIL_FAST,AEROBLAST_PLUS,40,15/15/15,SHAYMIN,HIDDEN_POWER_FIGHTING_FAST,GRASS_KNOT,1.389732636591314,632051,11.553410148516225,2.1321645
TORNADUS_THERIAN_FORM,GUST_FAST,HURRICANE,40,15/15/15,SHAYMIN,HIDDEN_POWER_FIGHTING_FAST,GRASS_KNOT,1.4008107929833564,611173,18.51330446860132,2.1491609
HONCHKROW,SNARL_FAST,SKY_ATTACK,40,15/15/15,SHAYMIN,HIDDEN_POWER_FIGHTING_FAST,GRASS_KNOT,1.4123680181751535,594297,27.33008868545005,2.1668923
SCYTHER_SHADOW_FORM,AIR_SLASH_FAST,AERIAL_ACE,40,15/15/15,SHAYMIN,HIDDEN_POWER_FIGHTING_FAST,GRASS_KNOT,1.4190020455911851,618932,16.68089665668656,2.1770704
RAYQUAZA,DRAGON_TAIL_FAST,HURRICANE,40,15/15/15,SHAYMIN,HIDDEN_POWER_FIGHTING_FAST,GRASS_KNOT,1.4349011332356163,643312,13.119868823689357,2.2014632
RAYQUAZA,DRAGON_TAIL_FAST,AERIAL_ACE,40,15/15/15,SHAYMIN,HIDDEN_POWER_FIGHTING_FAST,GRASS_KNOT,1.4462982777509237,648883,13.22725747525147,2.218949
HO_OH,HIDDEN_POWER_POISON_FAST,BRAVE_BIRD,40,15/15/15,SHAYMIN,HIDDEN_POWER_FIGHTING_FAST,GRASS_KNOT,1.4677150647388155,671038,10.389770065820493,2.2518072
HO_OH,HIDDEN_POWER_ICE_FAST,BRAVE_BIRD,40,15/15/15,SHAYMIN,HIDDEN_POWER_FIGHTING_FAST,GRASS_KNOT,1.4677150647388155,671038,10.389770065820493,2.2518072
HO_OH,HIDDEN_POWER_BUG_FAST,BRAVE_BIRD,40,15/15/15,SHAYMIN,HIDDEN_POWER_FIGHTING_FAST,GRASS_KNOT,1.4677150647388155,671038,10.389770065820493,2.2518072
ZAPDOS,THUNDER_SHOCK_FAST,DRILL_PECK,40,15/15/15,SHAYMIN,HIDDEN_POWER_FIGHTING_FAST,GRASS_KNOT,1.478853446922827,645058,17.918189314170768,2.268896
LUGIA,DRAGON_TAIL_FAST,AEROBLAST_PLUS_PLUS,40,15/15/15,SHAYMIN,HIDDEN_POWER_FIGHTING_FAST,GRASS_KNOT,1.4813758256278213,677097,10.62167712343412,2.2727659
HO_OH,EXTRASENSORY_FAST,BRAVE_BIRD,40,15/15/15,SHAYMIN,HIDDEN_POWER_FIGHTING_FAST,GRASS_KNOT,1.4901016564439251,681273,10.527019724274025,2.2861533
HONCHKROW,SNARL_FAST,BRAVE_BIRD,40,15/15/15,SHAYMIN,HIDDEN_POWER_FIGHTING_FAST,GRASS_KNOT,1.4978559878776692,630271,29.00314190536807,2.2980502
LUGIA_SHADOW_FORM,DRAGON_TAIL_FAST,AEROBLAST,40,15/15/15,SHAYMIN,HIDDEN_POWER_FIGHTING_FAST,GRASS_KNOT,1.4994414774768574,683214,12.448022704343153,2.3004827
ZAPDOS,CHARGE_BEAM_FAST,DRILL_PECK,40,15/15/15,SHAYMIN,HIDDEN_POWER_FIGHTING_FAST,GRASS_KNOT,1.4995403546699495,654060,18.221857942725734,2.3006344
LUGIA_SHADOW_FORM,DRAGON_TAIL_FAST,SKY_ATTACK,40,15/15/15,SHAYMIN,HIDDEN_POWER_FIGHTING_FAST,GRASS_KNOT,1.517779644516611,692029,12.615755559965454,2.3286176
SCYTHER_SHADOW_FORM,FURY_CUTTER_FAST,AERIAL_ACE,40,15/15/15,SHAYMIN,HIDDEN_POWER_FIGHTING_FAST,GRASS_KNOT,1.5274391054670942,666173,17.984063876334684,2.3434374
STARAPTOR,QUICK_ATTACK_FAST,BRAVE_BIRD,40,15/15/15,SHAYMIN,HIDDEN_POWER_FIGHTING_FAST,GRASS_KNOT,1.5310156310698344,664721,26.196577510504415,2.3489246
DRAGONITE,DRAGON_TAIL_FAST,HURRICANE,40,15/15/15,SHAYMIN,HIDDEN_POWER_FIGHTING_FAST,GRASS_KNOT,1.542150037308705,703826,12.753060501490463,2.3660073
YANMEGA,WING_ATTACK_FAST,AERIAL_ACE,40,15/15/15,SHAYMIN,HIDDEN_POWER_FIGHTING_FAST,GRASS_KNOT,1.5582374283221825,693245,14.615244155728307,2.390689
LUGIA,EXTRASENSORY_FAST,AEROBLAST,40,15/15/15,SHAYMIN,HIDDEN_POWER_FIGHTING_FAST,GRASS_KNOT,1.5875054033746259,725806,11.375034916129005,2.4355927
DRAGONITE_SHADOW_FORM,STEEL_WING_FAST,HURRICANE,40,15/15/15,SHAYMIN,HIDDEN_POWER_FIGHTING_FAST,GRASS_KNOT,1.6116442788365524,713154,15.265014860695176,2.4726272
DRAGONITE,DRAGON_BREATH_FAST,HURRICANE,40,15/15/15,SHAYMIN,HIDDEN_POWER_FIGHTING_FAST,GRASS_KNOT,1.6361362312628698,746781,13.547999507876522,2.5102034
TOGEKISS,AIR_SLASH_FAST,AERIAL_ACE,40,15/15/15,SHAYMIN,HIDDEN_POWER_FIGHTING_FAST,GRASS_KNOT,1.6410953429037591,719569,17.215723430946653,2.5178118
YVELTAL,SNARL_FAST,HURRICANE,40,15/15/15,SHAYMIN,HIDDEN_POWER_FIGHTING_FAST,GRASS_KNOT,1.6426604965212435,716221,18.60334493063233,2.5202131
YANMEGA,BUG_BITE_FAST,AERIAL_ACE,40,15/15/15,SHAYMIN,HIDDEN_POWER_FIGHTING_FAST,GRASS_KNOT,1.6480162249847872,733112,15.476607799436056,2.52843
LUGIA,EXTRASENSORY_FAST,SKY_ATTACK,40,15/15/15,SHAYMIN,HIDDEN_POWER_FIGHTING_FAST,GRASS_KNOT,1.6600146497283583,758957,11.892808882006356,2.5468383
TOGEKISS,HIDDEN_POWER_FLYING_FAST,AERIAL_ACE,40,15/15/15,SHAYMIN,HIDDEN_POWER_FIGHTING_FAST,GRASS_KNOT,1.6821606641627336,737575,17.644399645852975,2.5808153
CROBAT_SHADOW_FORM,AIR_SLASH_FAST,AIR_CUTTER,40,15/15/15,SHAYMIN,HIDDEN_POWER_FIGHTING_FAST,GRASS_KNOT,1.6863875501034267,739633,17.171150720892935,2.5873003
LUGIA,DRAGON_TAIL_FAST,AEROBLAST,40,15/15/15,SHAYMIN,HIDDEN_POWER_FIGHTING_FAST,GRASS_KNOT,1.7209579368468695,786795,12.317949673337386,2.6403391
UNFEZANT,STEEL_WING_FAST,SKY_ATTACK,40,15/15/15,SHAYMIN,HIDDEN_POWER_FIGHTING_FAST,GRASS_KNOT,1.7222757997124807,746236,30.043031540240303,2.642361
YVELTAL,SUCKER_PUNCH_FAST,HURRICANE,40,15/15/15,SHAYMIN,HIDDEN_POWER_FIGHTING_FAST,GRASS_KNOT,1.7433383365062678,759934,19.774878881999335,2.6746757
LUGIA,DRAGON_TAIL_FAST,SKY_ATTACK,40,15/15/15,SHAYMIN,HIDDEN_POWER_FIGHTING_FAST,GRASS_KNOT,1.7732784418257959,810742,12.71183429872292,2.7206106
SCYTHER_SHADOW_FORM,STEEL_WING_FAST,AERIAL_ACE,40,15/15/15,SHAYMIN,HIDDEN_POWER_FIGHTING_FAST,GRASS_KNOT,1.7800035249034953,775873,21.033152065388926,2.7309284
BRAVIARY,STEEL_WING_FAST,BRAVE_BIRD,40,15/15/15,SHAYMIN,HIDDEN_POWER_FIGHTING_FAST,GRASS_KNOT,1.804434860461272,787420,26.405898127328147,2.7684116
DRAGONITE,STEEL_WING_FAST,HURRICANE,40,15/15/15,SHAYMIN,HIDDEN_POWER_FIGHTING_FAST,GRASS_KNOT,1.8191913527234314,830044,15.063175021154304,2.7910514
RAYQUAZA,SPLASH_FAST,AERIAL_ACE,40,15/15/15,SHAYMIN,HIDDEN_POWER_FIGHTING_FAST,GRASS_KNOT,1.8267522967927028,816565,16.626147487644445,2.8026516
TOGEKISS,HIDDEN_POWER_POISON_FAST,AERIAL_ACE,40,15/15/15,SHAYMIN,HIDDEN_POWER_FIGHTING_FAST,GRASS_KNOT,1.861355208070986,815811,19.550857435281895,2.8557403
TOGEKISS,HIDDEN_POWER_ICE_FAST,AERIAL_ACE,40,15/15/15,SHAYMIN,HIDDEN_POWER_FIGHTING_FAST,GRASS_KNOT,1.861355208070986,815811,19.550857435281895,2.8557403
TOGEKISS,HIDDEN_POWER_FIRE_FAST,AERIAL_ACE,40,15/15/15,SHAYMIN,HIDDEN_POWER_FIGHTING_FAST,GRASS_KNOT,1.861355208070986,815811,19.550857435281895,2.8557403
TOGEKISS,HIDDEN_POWER_BUG_FAST,AERIAL_ACE,40,15/15/15,SHAYMIN,HIDDEN_POWER_FIGHTING_FAST,GRASS_KNOT,1.861355208070986,815811,19.550857435281895,2.8557403
TORNADUS,BITE_FAST,HURRICANE,40,15/15/15,SHAYMIN,HIDDEN_POWER_FIGHTING_FAST,GRASS_KNOT,1.8874245026679244,823473,26.608413344295307,2.8957365
TOGEKISS,CHARM_FAST,AERIAL_ACE,40,15/15/15,SHAYMIN,HIDDEN_POWER_FIGHTING_FAST,GRASS_KNOT,1.981112565915956,868665,20.784834278921036,3.0394752
TOGEKISS,HIDDEN_POWER_FAST,AERIAL_ACE,40,15/15/15,SHAYMIN,HIDDEN_POWER_FIGHTING_FAST,GRASS_KNOT,1.9962214833482204,875067,21.041004903063516,3.0626557
TORNADUS_THERIAN_FORM,ASTONISH_FAST,HURRICANE,40,15/15/15,SHAYMIN,HIDDEN_POWER_FIGHTING_FAST,GRASS_KNOT,2.078808903301364,906750,27.59363727948413,3.1893635
CROBAT_SHADOW_FORM,BITE_FAST,AIR_CUTTER,40,15/15/15,SHAYMIN,HIDDEN_POWER_FIGHTING_FAST,GRASS_KNOT,2.3073022338815186,1010490,23.559890377082375,3.539924
MOLTRES_SHADOW_FORM,WING_ATTACK_FAST,SKY_ATTACK,40,15/15/15,SHAYMIN,ZEN_HEADBUTT_FAST,ENERGY_BALL,1.009262127154115,440208,10.400503106400036,1.5484366
PIDGEOT_MEGA,GUST_FAST,BRAVE_BIRD,40,15/15/15,SHAYMIN,ZEN_HEADBUTT_FAST,ENERGY_BALL,1.0565166262293493,460725,13.938236711808907,1.6209357
MOLTRES_SHADOW_FORM,FIRE_SPIN_FAST,SKY_ATTACK,40,15/15/15,SHAYMIN,ZEN_HEADBUTT_FAST,ENERGY_BALL,1.0621146918081972,463156,10.939847031920074,1.6295244
HONCHKROW_SHADOW_FORM,PECK_FAST,SKY_ATTACK,40,15/15/15,SHAYMIN,ZEN_HEADBUTT_FAST,ENERGY_BALL,1.067264127380418,461151,18.691407122267062,1.6374248
HO_OH_SHADOW_FORM,HIDDEN_POWER_FLYING_FAST,BRAVE_BIRD,40,15/15/15,SHAYMIN,ZEN_HEADBUTT_FAST,ENERGY_BALL,1.0720499921002533,490140,8.630285975401259,1.6447674
PIDGEOT_MEGA,WING_ATTACK_FAST,BRAVE_BIRD,40,15/15/15,SHAYMIN,ZEN_HEADBUTT_FAST,ENERGY_BALL,1.0793286440645267,470635,14.250914725412361,1.6559345
HO_OH_SHADOW_FORM,INCINERATE_FAST,BRAVE_BIRD,40,15/15/15,SHAYMIN,ZEN_HEADBUTT_FAST,ENERGY_BALL,1.100264341690379,503040,8.90666305059442,1.6880546
HONCHKROW_SHADOW_FORM,PECK_FAST,BRAVE_BIRD,40,15/15/15,SHAYMIN,ZEN_HEADBUTT_FAST,ENERGY_BALL,1.1081681295537609,478901,19.400170147792426,1.7001808
STARAPTOR_SHADOW_FORM,WING_ATTACK_FAST,BRAVE_BIRD,40,15/15/15,SHAYMIN,ZEN_HEADBUTT_FAST,ENERGY_BALL,1.125093271762238,481794,20.387324913680676,1.7261478
HO_OH_SHADOW_FORM,HIDDEN_POWER_FIRE_FAST,BRAVE_BIRD,40,15/15/15,SHAYMIN,ZEN_HEADBUTT_FAST,ENERGY_BALL,1.1462898826405281,524083,9.218309694437686,1.7586682
HONCHKROW_SHADOW_FORM,SNARL_FAST,SKY_ATTACK,40,15/15/15,SHAYMIN,ZEN_HEADBUTT_FAST,ENERGY_BALL,1.1473383589279913,495832,20.08516867732551,1.7602768
PIDGEOT_MEGA,AIR_SLASH_FAST,BRAVE_BIRD,40,15/15/15,SHAYMIN,ZEN_HEADBUTT_FAST,ENERGY_BALL,1.1521204432409715,502260,15.226627715452064,1.7676136
MOLTRES,WING_ATTACK_FAST,SKY_ATTACK,40,15/15/15,SHAYMIN,ZEN_HEADBUTT_FAST,ENERGY_BALL,1.1820760612644914,529688,10.836649319321857,1.8135723
LUGIA_SHADOW_FORM,EXTRASENSORY_FAST,AEROBLAST_PLUS,40,15/15/15,SHAYMIN,ZEN_HEADBUTT_FAST,ENERGY_BALL,1.2044416651936116,550662,9.540835547191817,1.8478862
PIDGEOT_MEGA,GUST_FAST,HURRICANE,40,15/15/15,SHAYMIN,ZEN_HEADBUTT_FAST,ENERGY_BALL,1.2158053726620792,530011,16.07033463427196,1.8653207
MOLTRES,FIRE_SPIN_FAST,SKY_ATTACK,40,15/15/15,SHAYMIN,ZEN_HEADBUTT_FAST,ENERGY_BALL,1.2181612179271586,545985,11.165932109395488,1.8689351
HONCHKROW_SHADOW_FORM,SNARL_FAST,BRAVE_BIRD,40,15/15/15,SHAYMIN,ZEN_HEADBUTT_FAST,ENERGY_BALL,1.2271035748048658,530300,21.48374355686596,1.8826547
HO_OH_SHADOW_FORM,HIDDEN_POWER_POISON_FAST,BRAVE_BIRD,40,15/15/15,SHAYMIN,ZEN_HEADBUTT_FAST,ENERGY_BALL,1.2354721571731526,564857,9.950885560678335,1.895494
HO_OH_SHADOW_FORM,HIDDEN_POWER_ICE_FAST,BRAVE_BIRD,40,15/15/15,SHAYMIN,ZEN_HEADBUTT_FAST,ENERGY_BALL,1.2354721571731526,564857,9.950885560678335,1.895494
HO_OH_SHADOW_FORM,HIDDEN_POWER_BUG_FAST,BRAVE_BIRD,40,15/15/15,SHAYMIN,ZEN_HEADBUTT_FAST,ENERGY_BALL,1.2354721571731526,564857,9.950885560678335,1.895494
RAYQUAZA,AIR_SLASH_FAST,HURRICANE,40,15/15/15,SHAYMIN,ZEN_HEADBUTT_FAST,ENERGY_BALL,1.2369603338855335,554671,11.334594982199283,1.8977772
ZAPDOS_SHADOW_FORM,THUNDER_SHOCK_FAST,DRILL_PECK,40,15/15/15,SHAYMIN,ZEN_HEADBUTT_FAST,ENERGY_BALL,1.2471789691534445,543953,17.461884055101994,1.9134549
HO_OH,HIDDEN_POWER_FLYING_FAST,BRAVE_BIRD,40,15/15/15,SHAYMIN,ZEN_HEADBUTT_FAST,ENERGY_BALL,1.2474250214961755,570322,8.748990106887597,1.9138324
ZAPDOS_SHADOW_FORM,CHARGE_BEAM_FAST,DRILL_PECK,40,15/15/15,SHAYMIN,ZEN_HEADBUTT_FAST,ENERGY_BALL,1.2499185257143275,545077,17.504900975496053,1.917658
PIDGEOT_MEGA,WING_ATTACK_FAST,HURRICANE,40,15/15/15,SHAYMIN,ZEN_HEADBUTT_FAST,ENERGY_BALL,1.2711520281491702,554312,16.79676176901745,1.950235
HO_OH_SHADOW_FORM,EXTRASENSORY_FAST,BRAVE_BIRD,40,15/15/15,SHAYMIN,ZEN_HEADBUTT_FAST,ENERGY_BALL,1.2739069018757596,582429,10.338974303274773,1.9544616
HONCHKROW,PECK_FAST,SKY_ATTACK,40,15/15/15,SHAYMIN,ZEN_HEADBUTT_FAST,ENERGY_BALL,1.2756191654634546,553427,20.792794190954805,1.9570886
RAYQUAZA,AIR_SLASH_FAST,AERIAL_ACE,40,15/15/15,SHAYMIN,ZEN_HEADBUTT_FAST,ENERGY_BALL,1.2777805153137765,572680,11.707719028913283,1.9604046
YVELTAL,GUST_FAST,HURRICANE,40,15/15/15,SHAYMIN,ZEN_HEADBUTT_FAST,ENERGY_BALL,1.2859147776364688,571648,11.99039499700371,1.9728844
STARAPTOR_SHADOW_FORM,QUICK_ATTACK_FAST,BRAVE_BIRD,40,15/15/15,SHAYMIN,ZEN_HEADBUTT_FAST,ENERGY_BALL,1.288324265571235,551826,23.33135711156982,1.9765811
PIDGEOT_MEGA,GUST_FAST,AERIAL_ACE,40,15/15/15,SHAYMIN,ZEN_HEADBUTT_FAST,ENERGY_BALL,1.2883857949517752,561859,17.039458223381818,1.9766755
LUGIA_SHADOW_FORM,EXTRASENSORY_FAST,AEROBLAST,40,15/15/15,SHAYMIN,ZEN_HEADBUTT_FAST,ENERGY_BALL,1.29721545659754,593086,10.284028929263844,1.9902222
PIDGEOT_MEGA,AIR_SLASH_FAST,HURRICANE,40,15/15/15,SHAYMIN,ZEN_HEADBUTT_FAST,ENERGY_BALL,1.2979680182794404,566050,17.180760321456617,1.9913768
STARAPTOR,WING_ATTACK_FAST,BRAVE_BIRD,40,15/15/15,SHAYMIN,ZEN_HEADBUTT_FAST,ENERGY_BALL,1.299266588034204,567098,20.480073782984878,1.9933691
HONCHKROW,PECK_FAST,BRAVE_BIRD,40,15/15/15,SHAYMIN,ZEN_HEADBUTT_FAST,ENERGY_BALL,1.3214468216685622,573335,21.547078857677146,2.0273986
HO_OH,INCINERATE_FAST,BRAVE_BIRD,40,15/15/15,SHAYMIN,ZEN_HEADBUTT_FAST,ENERGY_BALL,1.3242585970362653,605450,9.305150593687697,2.0317125
LUGIA,EXTRASENSORY_FAST,AEROBLAST_PLUS_PLUS,40,15/15/15,SHAYMIN,ZEN_HEADBUTT_FAST,ENERGY_BALL,1.324907718965076,605747,8.976527938423512,2.0327084
DRAGONITE_SHADOW_FORM,DRAGON_TAIL_FAST,HURRICANE,40,15/15/15,SHAYMIN,ZEN_HEADBUTT_FAST,ENERGY_BALL,1.3280639024331742,580245,12.627214683710772,2.0375507
PIDGEOT_MEGA,AIR_SLASH_FAST,AERIAL_ACE,40,15/15/15,SHAYMIN,ZEN_HEADBUTT_FAST,ENERGY_BALL,1.3406497241867303,584837,17.73889151652716,2.0568602
PIDGEOT_MEGA,WING_ATTACK_FAST,AERIAL_ACE,40,15/15/15,SHAYMIN,ZEN_HEADBUTT_FAST,ENERGY_BALL,1.3499050726802773,588865,17.88933660336042,2.07106
TORNADUS,AIR_SLASH_FAST,HURRICANE,40,15/15/15,SHAYMIN,ZEN_HEADBUTT_FAST,ENERGY_BALL,1.3547417121749437,591135,19.203777145531117,2.0784805
DRAGONITE_SHADOW_FORM,DRAGON_BREATH_FAST,HURRICANE,40,15/15/15,SHAYMIN,ZEN_HEADBUTT_FAST,ENERGY_BALL,1.3557435851710022,592404,12.897162340431398,2.0800176
BRAVIARY,AIR_SLASH_FAST,BRAVE_BIRD,40,15/15/15,SHAYMIN,ZEN_HEADBUTT_FAST,ENERGY_BALL,1.3587414478071818,592627,17.528207004979148,2.084617
HO_OH,HIDDEN_POWER_FIRE_FAST,BRAVE_BIRD,40,15/15/15,SHAYMIN,ZEN_HEADBUTT_FAST,ENERGY_BALL,1.3633696434893832,623331,9.514663034642673,2.0917177
HONCHKROW,SNARL_FAST,SKY_ATTACK,40,15/15/15,SHAYMIN,ZEN_HEADBUTT_FAST,ENERGY_BALL,1.3660456501074418,592595,22.283077628238615,2.0958233
PIDGEOT_MEGA,GUST_FAST,AIR_CUTTER,40,15/15/15,SHAYMIN,ZEN_HEADBUTT_FAST,ENERGY_BALL,1.3709762783380601,598109,18.17417646065719,2.103388
LUGIA_SHADOW_FORM,EXTRASENSORY_FAST,SKY_ATTACK,40,15/15/15,SHAYMIN,ZEN_HEADBUTT_FAST,ENERGY_BALL,1.3750411282194075,628667,10.896695304514267,2.1096244
UNFEZANT,AIR_SLASH_FAST,SKY_ATTACK,40,15/15/15,SHAYMIN,ZEN_HEADBUTT_FAST,ENERGY_BALL,1.3778079949608482,601295,22.126805140144846,2.1138694
LUGIA_SHADOW_FORM,DRAGON_TAIL_FAST,AEROBLAST_PLUS,40,15/15/15,SHAYMIN,ZEN_HEADBUTT_FAST,ENERGY_BALL,1.388363998950872,634759,11.00265593281787,2.1300647
TORNADUS_THERIAN_FORM,GUST_FAST,HURRICANE,40,15/15/15,SHAYMIN,ZEN_HEADBUTT_FAST,ENERGY_BALL,1.408631085998781,614438,18.095600983763077,2.161159
SCYTHER_SHADOW_FORM,AIR_SLASH_FAST,AERIAL_ACE,40,15/15/15,SHAYMIN,ZEN_HEADBUTT_FAST,ENERGY_BALL,1.4162757204542955,617818,18.05361876066665,2.1728876
HONCHKROW,SNARL_FAST,BRAVE_BIRD,40,15/15/15,SHAYMIN,ZEN_HEADBUTT_FAST,ENERGY_BALL,1.4244817453278082,617988,23.218450442379023,2.1854775
RAYQUAZA,DRAGON_TAIL_FAST,AERIAL_ACE,40,15/15/15,SHAYMIN,ZEN_HEADBUTT_FAST,ENERGY_BALL,1.4406170432212613,647061,13.183899237189882,2.2102327
HO_OH,HIDDEN_POWER_POISON_FAST,BRAVE_BIRD,40,15/15/15,SHAYMIN,ZEN_HEADBUTT_FAST,ENERGY_BALL,1.4604604639836727,667721,10.186253163875854,2.240677
HO_OH,HIDDEN_POWER_ICE_FAST,BRAVE_BIRD,40,15/15/15,SHAYMIN,ZEN_HEADBUTT_FAST,ENERGY_BALL,1.4604604639836727,667721,10.186253163875854,2.240677
HO_OH,HIDDEN_POWER_BUG_FAST,BRAVE_BIRD,40,15/15/15,SHAYMIN,ZEN_HEADBUTT_FAST,ENERGY_BALL,1.4604604639836727,667721,10.186253163875854,2.240677
RAYQUAZA,DRAGON_TAIL_FAST,HURRICANE,40,15/15/15,SHAYMIN,ZEN_HEADBUTT_FAST,ENERGY_BALL,1.468334008592213,659640,13.43275229253536,2.2527568
LUGIA,DRAGON_TAIL_FAST,AEROBLAST_PLUS_PLUS,40,15/15/15,SHAYMIN,ZEN_HEADBUTT_FAST,ENERGY_BALL,1.4720376340806025,673014,9.942897424296486,2.258439
ZAPDOS,THUNDER_SHOCK_FAST,DRILL_PECK,40,15/15/15,SHAYMIN,ZEN_HEADBUTT_FAST,ENERGY_BALL,1.479051983462154,645130,17.65869213335136,2.2692006
LUGIA_SHADOW_FORM,DRAGON_TAIL_FAST,AEROBLAST,40,15/15/15,SHAYMIN,ZEN_HEADBUTT_FAST,ENERGY_BALL,1.4842613841086296,678603,11.78030246670044,2.277193
ZAPDOS,CHARGE_BEAM_FAST,DRILL_PECK,40,15/15/15,SHAYMIN,ZEN_HEADBUTT_FAST,ENERGY_BALL,1.4987745615640562,653733,17.934348714873078,2.2994595
LUGIA_SHADOW_FORM,DRAGON_TAIL_FAST,SKY_ATTACK,40,15/15/15,SHAYMIN,ZEN_HEADBUTT_FAST,ENERGY_BALL,1.525519310578934,697438,12.105822700797304,2.340492
HO_OH,EXTRASENSORY_FAST,BRAVE_BIRD,40,15/15/15,SHAYMIN,ZEN_HEADBUTT_FAST,ENERGY_BALL,1.5262740883614048,697811,10.722372423865211,2.34165
SCYTHER_SHADOW_FORM,FURY_CUTTER_FAST,AERIAL_ACE,40,15/15/15,SHAYMIN,ZEN_HEADBUTT_FAST,ENERGY_BALL,1.5276712745915466,666294,19.486601135662983,2.3437936
DRAGONITE,DRAGON_TAIL_FAST,HURRICANE,40,15/15/15,SHAYMIN,ZEN_HEADBUTT_FAST,ENERGY_BALL,1.5299197693378241,699413,13.059075865388559,2.3472433
DRAGONITE_SHADOW_FORM,STEEL_WING_FAST,HURRICANE,40,15/15/15,SHAYMIN,ZEN_HEADBUTT_FAST,ENERGY_BALL,1.5701801246543536,685777,14.95299302386264,2.4090118
STARAPTOR,QUICK_ATTACK_FAST,BRAVE_BIRD,40,15/15/15,SHAYMIN,ZEN_HEADBUTT_FAST,ENERGY_BALL,1.57374165898853,686996,24.748027482248453,2.414476
LUGIA,EXTRASENSORY_FAST,AEROBLAST,40,15/15/15,SHAYMIN,ZEN_HEADBUTT_FAST,ENERGY_BALL,1.5765263848933901,720786,10.664547594054838,2.4187484
YANMEGA,WING_ATTACK_FAST,AERIAL_ACE,40,15/15/15,SHAYMIN,ZEN_HEADBUTT_FAST,ENERGY_BALL,1.5886237520094817,692754,16.3259963029475,2.4373085
YVELTAL,SNARL_FAST,HURRICANE,40,15/15/15,SHAYMIN,ZEN_HEADBUTT_FAST,ENERGY_BALL,1.5898048032545915,707329,14.81075037693864,2.4391205
DRAGONITE,DRAGON_BREATH_FAST,HURRICANE,40,15/15/15,SHAYMIN,ZEN_HEADBUTT_FAST,ENERGY_BALL,1.6379405282036603,748727,13.965496726884837,2.5129716
TOGEKISS,AIR_SLASH_FAST,AERIAL_ACE,40,15/15/15,SHAYMIN,ZEN_HEADBUTT_FAST,ENERGY_BALL,1.6540277236788523,721252,17.29761911859605,2.537653
LUGIA,EXTRASENSORY_FAST,SKY_ATTACK,40,15/15/15,SHAYMIN,ZEN_HEADBUTT_FAST,ENERGY_BALL,1.668384926761787,762784,11.269751839479111,2.5596802
TOGEKISS,HIDDEN_POWER_FLYING_FAST,AERIAL_ACE,40,15/15/15,SHAYMIN,ZEN_HEADBUTT_FAST,ENERGY_BALL,1.6837526065253472,734099,17.457894258358646,2.5832577
YANMEGA,BUG_BITE_FAST,AERIAL_ACE,40,15/15/15,SHAYMIN,ZEN_HEADBUTT_FAST,ENERGY_BALL,1.6856200623323911,734869,17.326185065490215,2.5861228
YVELTAL,SUCKER_PUNCH_FAST,HURRICANE,40,15/15/15,SHAYMIN,ZEN_HEADBUTT_FAST,ENERGY_BALL,1.7094050786767845,760344,15.951368295081094,2.6226144
CROBAT_SHADOW_FORM,AIR_SLASH_FAST,AIR_CUTTER,40,15/15/15,SHAYMIN,ZEN_HEADBUTT_FAST,ENERGY_BALL,1.7104089722351277,745636,21.835266027797253,2.6241546
LUGIA,DRAGON_TAIL_FAST,AEROBLAST,40,15/15/15,SHAYMIN,ZEN_HEADBUTT_FAST,ENERGY_BALL,1.7182728051088159,785593,11.60163743771911,2.6362195
UNFEZANT,STEEL_WING_FAST,SKY_ATTACK,40,15/15/15,SHAYMIN,ZEN_HEADBUTT_FAST,ENERGY_BALL,1.7720585436412772,773612,28.459431700925098,2.718739
SCYTHER_SHADOW_FORM,STEEL_WING_FAST,AERIAL_ACE,40,15/15/15,SHAYMIN,ZEN_HEADBUTT_FAST,ENERGY_BALL,1.77805811449992,775108,22.708706610869093,2.7279437
LUGIA,DRAGON_TAIL_FAST,SKY_ATTACK,40,15/15/15,SHAYMIN,ZEN_HEADBUTT_FAST,ENERGY_BALL,1.7949783682512568,820663,12.133665157036523,2.7539032
RAYQUAZA,SPLASH_FAST,AERIAL_ACE,40,15/15/15,SHAYMIN,ZEN_HEADBUTT_FAST,ENERGY_BALL,1.8220382598031164,817821,16.67961137544889,2.7954192
DRAGONITE,STEEL_WING_FAST,HURRICANE,40,15/15/15,SHAYMIN,ZEN_HEADBUTT_FAST,ENERGY_BALL,1.8314662034234324,837245,15.61469073944128,2.8098838
BRAVIARY,STEEL_WING_FAST,BRAVE_BIRD,40,15/15/15,SHAYMIN,ZEN_HEADBUTT_FAST,ENERGY_BALL,1.8461078495325072,805069,23.851426366755824,2.8323474
TOGEKISS,HIDDEN_POWER_POISON_FAST,AERIAL_ACE,40,15/15/15,SHAYMIN,ZEN_HEADBUTT_FAST,ENERGY_BALL,1.8534462710327497,807782,19.204689708137142,2.8436062
TOGEKISS,HIDDEN_POWER_ICE_FAST,AERIAL_ACE,40,15/15/15,SHAYMIN,ZEN_HEADBUTT_FAST,ENERGY_BALL,1.8534462710327497,807782,19.204689708137142,2.8436062
TOGEKISS,HIDDEN_POWER_FIRE_FAST,AERIAL_ACE,40,15/15/15,SHAYMIN,ZEN_HEADBUTT_FAST,ENERGY_BALL,1.8534462710327497,807782,19.204689708137142,2.8436062
TOGEKISS,HIDDEN_POWER_BUG_FAST,AERIAL_ACE,40,15/15/15,SHAYMIN,ZEN_HEADBUTT_FAST,ENERGY_BALL,1.8534462710327497,807782,19.204689708137142,2.8436062
TORNADUS,BITE_FAST,HURRICANE,40,15/15/15,SHAYMIN,ZEN_HEADBUTT_FAST,ENERGY_BALL,1.8637387545931945,813179,26.42664598424774,2.8593972
TOGEKISS,CHARM_FAST,AERIAL_ACE,40,15/15/15,SHAYMIN,ZEN_HEADBUTT_FAST,ENERGY_BALL,1.9863341551155684,865973,20.803767968506968,3.0474863
TOGEKISS,HIDDEN_POWER_FAST,AERIAL_ACE,40,15/15/15,SHAYMIN,ZEN_HEADBUTT_FAST,ENERGY_BALL,2.002702599824902,873037,20.940876656398256,3.0725992
TORNADUS_THERIAN_FORM,ASTONISH_FAST,HURRICANE,40,15/15/15,SHAYMIN,ZEN_HEADBUTT_FAST,ENERGY_BALL,2.0936419813920555,913090,26.9546309081399,3.2121208
CROBAT_SHADOW_FORM,BITE_FAST,AIR_CUTTER,40,15/15/15,SHAYMIN,ZEN_HEADBUTT_FAST,ENERGY_BALL,2.318142550538825,1010915,29.595183098959392,3.5565555
MOLTRES_SHADOW_FORM,WING_ATTACK_FAST,SKY_ATTACK,40,15/15/15,SHAYMIN,HIDDEN_POWER_FIGHTING_FAST,ENERGY_BALL,0.9857866479158487,440289,9.117955339426286,1.5124199
MOLTRES_SHADOW_FORM,FIRE_SPIN_FAST,SKY_ATTACK,40,15/15/15,SHAYMIN,HIDDEN_POWER_FIGHTING_FAST,ENERGY_BALL,1.035968941741584,462184,9.580044845244792,1.5894109
PIDGEOT_MEGA,GUST_FAST,BRAVE_BIRD,40,15/15/15,SHAYMIN,HIDDEN_POWER_FIGHTING_FAST,ENERGY_BALL,1.053913685750682,459595,13.114500005963041,1.6169422
HO_OH_SHADOW_FORM,HIDDEN_POWER_FLYING_FAST,BRAVE_BIRD,40,15/15/15,SHAYMIN,HIDDEN_POWER_FIGHTING_FAST,ENERGY_BALL,1.054312714212192,482031,7.23596843380035,1.6175544
HO_OH_SHADOW_FORM,INCINERATE_FAST,BRAVE_BIRD,40,15/15/15,SHAYMIN,HIDDEN_POWER_FIGHTING_FAST,ENERGY_BALL,1.0884625632827072,497644,7.457486950581604,1.669948
PIDGEOT_MEGA,WING_ATTACK_FAST,BRAVE_BIRD,40,15/15/15,SHAYMIN,HIDDEN_POWER_FIGHTING_FAST,ENERGY_BALL,1.090174370614402,475339,13.567798570433077,1.6725743
STARAPTOR_SHADOW_FORM,WING_ATTACK_FAST,BRAVE_BIRD,40,15/15/15,SHAYMIN,HIDDEN_POWER_FIGHTING_FAST,ENERGY_BALL,1.1155966290242432,483814,19.413487617080655,1.7115778
HONCHKROW_SHADOW_FORM,PECK_FAST,SKY_ATTACK,40,15/15/15,SHAYMIN,HIDDEN_POWER_FIGHTING_FAST,ENERGY_BALL,1.1176937119580266,467530,21.71482655303887,1.7147952
HO_OH_SHADOW_FORM,HIDDEN_POWER_FIRE_FAST,BRAVE_BIRD,40,15/15/15,SHAYMIN,HIDDEN_POWER_FIGHTING_FAST,ENERGY_BALL,1.135965330801243,519362,7.772651286379289,1.742828
PIDGEOT_MEGA,AIR_SLASH_FAST,BRAVE_BIRD,40,15/15/15,SHAYMIN,HIDDEN_POWER_FIGHTING_FAST,ENERGY_BALL,1.1533014293066526,502748,14.378181753740666,1.7694255
MOLTRES,WING_ATTACK_FAST,SKY_ATTACK,40,15/15/15,SHAYMIN,HIDDEN_POWER_FIGHTING_FAST,ENERGY_BALL,1.1644931934426366,532405,9.213420852259443,1.7865962
LUGIA_SHADOW_FORM,EXTRASENSORY_FAST,AEROBLAST_PLUS,40,15/15/15,SHAYMIN,HIDDEN_POWER_FIGHTING_FAST,ENERGY_BALL,1.1822701004232492,540533,8.480154646048431,1.81387
HONCHKROW_SHADOW_FORM,PECK_FAST,BRAVE_BIRD,40,15/15/15,SHAYMIN,HIDDEN_POWER_FIGHTING_FAST,ENERGY_BALL,1.1933388057981535,499028,23.194656896779364,1.8308519
MOLTRES,FIRE_SPIN_FAST,SKY_ATTACK,40,15/15/15,SHAYMIN,HIDDEN_POWER_FIGHTING_FAST,ENERGY_BALL,1.203796519209942,550375,9.516760795867675,1.8468964
HONCHKROW_SHADOW_FORM,SNARL_FAST,SKY_ATTACK,40,15/15/15,SHAYMIN,HIDDEN_POWER_FIGHTING_FAST,ENERGY_BALL,1.2080991436465962,505323,23.462417968616727,1.8534976
RAYQUAZA,AIR_SLASH_FAST,HURRICANE,40,15/15/15,SHAYMIN,HIDDEN_POWER_FIGHTING_FAST,ENERGY_BALL,1.2110017791376815,553669,9.70057258126745,1.8579509
PIDGEOT_MEGA,GUST_FAST,HURRICANE,40,15/15/15,SHAYMIN,HIDDEN_POWER_FIGHTING_FAST,ENERGY_BALL,1.2146810275197977,529498,15.12858158866785,1.8635957
HO_OH_SHADOW_FORM,HIDDEN_POWER_POISON_FAST,BRAVE_BIRD,40,15/15/15,SHAYMIN,HIDDEN_POWER_FIGHTING_FAST,ENERGY_BALL,1.2243660388062676,559779,8.354372840526104,1.8784547
HO_OH_SHADOW_FORM,HIDDEN_POWER_ICE_FAST,BRAVE_BIRD,40,15/15/15,SHAYMIN,HIDDEN_POWER_FIGHTING_FAST,ENERGY_BALL,1.2243660388062676,559779,8.354372840526104,1.8784547
HO_OH_SHADOW_FORM,HIDDEN_POWER_BUG_FAST,BRAVE_BIRD,40,15/15/15,SHAYMIN,HIDDEN_POWER_FIGHTING_FAST,ENERGY_BALL,1.2243660388062676,559779,8.354372840526104,1.8784547
HONCHKROW_SHADOW_FORM,SNARL_FAST,BRAVE_BIRD,40,15/15/15,SHAYMIN,HIDDEN_POWER_FIGHTING_FAST,ENERGY_BALL,1.247125717560329,521751,24.21033961257662,1.9133732
HO_OH,HIDDEN_POWER_FLYING_FAST,BRAVE_BIRD,40,15/15/15,SHAYMIN,HIDDEN_POWER_FIGHTING_FAST,ENERGY_BALL,1.2474402734824535,570329,7.613585123139786,1.9138558
HO_OH_SHADOW_FORM,EXTRASENSORY_FAST,BRAVE_BIRD,40,15/15/15,SHAYMIN,HIDDEN_POWER_FIGHTING_FAST,ENERGY_BALL,1.2508820080269771,571902,8.513381513131405,1.9191362
ZAPDOS_SHADOW_FORM,THUNDER_SHOCK_FAST,DRILL_PECK,40,15/15/15,SHAYMIN,HIDDEN_POWER_FIGHTING_FAST,ENERGY_BALL,1.2542376405464017,546793,15.195691590803747,1.9242845
ZAPDOS_SHADOW_FORM,CHARGE_BEAM_FAST,DRILL_PECK,40,15/15/15,SHAYMIN,HIDDEN_POWER_FIGHTING_FAST,ENERGY_BALL,1.2547053681255909,546936,15.214130177568501,1.9250021
RAYQUAZA,AIR_SLASH_FAST,AERIAL_ACE,40,15/15/15,SHAYMIN,HIDDEN_POWER_FIGHTING_FAST,ENERGY_BALL,1.2572740242248472,574825,10.064040189551461,1.928943
STARAPTOR_SHADOW_FORM,QUICK_ATTACK_FAST,BRAVE_BIRD,40,15/15/15,SHAYMIN,HIDDEN_POWER_FIGHTING_FAST,ENERGY_BALL,1.2631884055703906,547844,21.969237001129287,1.938017
LUGIA_SHADOW_FORM,EXTRASENSORY_FAST,AEROBLAST,40,15/15/15,SHAYMIN,HIDDEN_POWER_FIGHTING_FAST,ENERGY_BALL,1.272709229876373,581881,9.110100387748378,1.9526241
PIDGEOT_MEGA,WING_ATTACK_FAST,HURRICANE,40,15/15/15,SHAYMIN,HIDDEN_POWER_FIGHTING_FAST,ENERGY_BALL,1.2739787296060088,555444,15.808449505376936,1.9545718
DRAGONITE_SHADOW_FORM,DRAGON_TAIL_FAST,HURRICANE,40,15/15/15,SHAYMIN,HIDDEN_POWER_FIGHTING_FAST,ENERGY_BALL,1.2795613476602932,584615,10.760512467269889,1.9631368
HONCHKROW,PECK_FAST,SKY_ATTACK,40,15/15/15,SHAYMIN,HIDDEN_POWER_FIGHTING_FAST,ENERGY_BALL,1.2831957525955753,556339,22.11565133135052,1.9687128
PIDGEOT_MEGA,GUST_FAST,AERIAL_ACE,40,15/15/15,SHAYMIN,HIDDEN_POWER_FIGHTING_FAST,ENERGY_BALL,1.2853978395887335,560462,16.00417009525211,1.9720913
PIDGEOT_MEGA,AIR_SLASH_FAST,HURRICANE,40,15/15/15,SHAYMIN,HIDDEN_POWER_FIGHTING_FAST,ENERGY_BALL,1.3009210374687856,567302,16.19204889280587,1.9959074
HO_OH,INCINERATE_FAST,BRAVE_BIRD,40,15/15/15,SHAYMIN,HIDDEN_POWER_FIGHTING_FAST,ENERGY_BALL,1.3011674157086595,594893,7.94490830716059,1.9962854
DRAGONITE_SHADOW_FORM,DRAGON_BREATH_FAST,HURRICANE,40,15/15/15,SHAYMIN,HIDDEN_POWER_FIGHTING_FAST,ENERGY_BALL,1.3029452498014635,595381,10.948113930673674,1.999013
STARAPTOR,WING_ATTACK_FAST,BRAVE_BIRD,40,15/15/15,SHAYMIN,HIDDEN_POWER_FIGHTING_FAST,ENERGY_BALL,1.3049182311033105,569537,19.376419320257874,2.00204
YVELTAL,GUST_FAST,HURRICANE,40,15/15/15,SHAYMIN,HIDDEN_POWER_FIGHTING_FAST,ENERGY_BALL,1.3176295232568025,577403,12.886421772522244,2.021542
HONCHKROW,PECK_FAST,BRAVE_BIRD,40,15/15/15,SHAYMIN,HIDDEN_POWER_FIGHTING_FAST,ENERGY_BALL,1.3268278397503785,575246,22.86880744633887,2.0356543
LUGIA,EXTRASENSORY_FAST,AEROBLAST_PLUS_PLUS,40,15/15/15,SHAYMIN,HIDDEN_POWER_FIGHTING_FAST,ENERGY_BALL,1.3319987845340164,608989,8.211181870780166,2.0435877
PIDGEOT_MEGA,AIR_SLASH_FAST,AERIAL_ACE,40,15/15/15,SHAYMIN,HIDDEN_POWER_FIGHTING_FAST,ENERGY_BALL,1.339814319451158,584289,16.685035940170188,2.0555785
LUGIA_SHADOW_FORM,DRAGON_TAIL_FAST,AEROBLAST_PLUS,40,15/15/15,SHAYMIN,HIDDEN_POWER_FIGHTING_FAST,ENERGY_BALL,1.347563175812905,616105,9.667929541912292,2.067467
HONCHKROW,SNARL_FAST,SKY_ATTACK,40,15/15/15,SHAYMIN,HIDDEN_POWER_FIGHTING_FAST,ENERGY_BALL,1.3476321356482983,584197,23.226934023863908,2.0675728
PIDGEOT_MEGA,WING_ATTACK_FAST,AERIAL_ACE,40,15/15/15,SHAYMIN,HIDDEN_POWER_FIGHTING_FAST,ENERGY_BALL,1.3479451272641378,587980,16.76193647764269,2.068053
HO_OH,HIDDEN_POWER_FIRE_FAST,BRAVE_BIRD,40,15/15/15,SHAYMIN,HIDDEN_POWER_FIGHTING_FAST,ENERGY_BALL,1.3572341735222389,620526,8.297543643819886,2.0823045
TORNADUS,AIR_SLASH_FAST,HURRICANE,40,15/15/15,SHAYMIN,HIDDEN_POWER_FIGHTING_FAST,ENERGY_BALL,1.3715127050349283,598112,16.616102514009167,2.104211
UNFEZANT,AIR_SLASH_FAST,SKY_ATTACK,40,15/15/15,SHAYMIN,HIDDEN_POWER_FIGHTING_FAST,ENERGY_BALL,1.3727110288286006,599011,20.850569498555057,2.1060495
LUGIA_SHADOW_FORM,EXTRASENSORY_FAST,SKY_ATTACK,40,15/15/15,SHAYMIN,HIDDEN_POWER_FIGHTING_FAST,ENERGY_BALL,1.373770911516058,628087,9.849684960299253,2.1076756
PIDGEOT_MEGA,GUST_FAST,AIR_CUTTER,40,15/15/15,SHAYMIN,HIDDEN_POWER_FIGHTING_FAST,ENERGY_BALL,1.3756203126213968,600056,17.11223165150615,2.110513
BRAVIARY,AIR_SLASH_FAST,BRAVE_BIRD,40,15/15/15,SHAYMIN,HIDDEN_POWER_FIGHTING_FAST,ENERGY_BALL,1.3809795607740813,602423,17.29435096716562,2.1187353
SCYTHER_SHADOW_FORM,AIR_SLASH_FAST,AERIAL_ACE,40,15/15/15,SHAYMIN,HIDDEN_POWER_FIGHTING_FAST,ENERGY_BALL,1.4041092631439531,614593,14.284816839472626,2.1542215
HONCHKROW,SNARL_FAST,BRAVE_BIRD,40,15/15/15,SHAYMIN,HIDDEN_POWER_FIGHTING_FAST,ENERGY_BALL,1.408002756307674,610569,24.26975499821549,2.160195
TORNADUS_THERIAN_FORM,GUST_FAST,HURRICANE,40,15/15/15,SHAYMIN,HIDDEN_POWER_FIGHTING_FAST,ENERGY_BALL,1.4219793115279467,620185,16.159121669615946,2.1816382
RAYQUAZA,DRAGON_TAIL_FAST,AERIAL_ACE,40,15/15/15,SHAYMIN,HIDDEN_POWER_FIGHTING_FAST,ENERGY_BALL,1.4237375266127608,650932,11.375959733703471,2.1843357
RAYQUAZA,DRAGON_TAIL_FAST,HURRICANE,40,15/15/15,SHAYMIN,HIDDEN_POWER_FIGHTING_FAST,ENERGY_BALL,1.4267229399780892,652296,11.40479298339897,2.188916
HO_OH,HIDDEN_POWER_POISON_FAST,BRAVE_BIRD,40,15/15/15,SHAYMIN,HIDDEN_POWER_FIGHTING_FAST,ENERGY_BALL,1.4476983318759213,661886,8.841307465444915,2.221097
HO_OH,HIDDEN_POWER_ICE_FAST,BRAVE_BIRD,40,15/15/15,SHAYMIN,HIDDEN_POWER_FIGHTING_FAST,ENERGY_BALL,1.4476983318759213,661886,8.841307465444915,2.221097
HO_OH,HIDDEN_POWER_BUG_FAST,BRAVE_BIRD,40,15/15/15,SHAYMIN,HIDDEN_POWER_FIGHTING_FAST,ENERGY_BALL,1.4476983318759213,661886,8.841307465444915,2.221097
LUGIA_SHADOW_FORM,DRAGON_TAIL_FAST,AEROBLAST,40,15/15/15,SHAYMIN,HIDDEN_POWER_FIGHTING_FAST,ENERGY_BALL,1.4491365811460422,662544,10.358579394293299,2.2233036
LUGIA,DRAGON_TAIL_FAST,AEROBLAST_PLUS_PLUS,40,15/15/15,SHAYMIN,HIDDEN_POWER_FIGHTING_FAST,ENERGY_BALL,1.4785718717915426,676002,9.090333776737912,2.268464
HO_OH,EXTRASENSORY_FAST,BRAVE_BIRD,40,15/15/15,SHAYMIN,HIDDEN_POWER_FIGHTING_FAST,ENERGY_BALL,1.4838205756334268,678401,9.076302600781839,2.2765167
ZAPDOS,THUNDER_SHOCK_FAST,DRILL_PECK,40,15/15/15,SHAYMIN,HIDDEN_POWER_FIGHTING_FAST,ENERGY_BALL,1.4870006799517985,649596,15.471695283842708,2.2813957
ZAPDOS,CHARGE_BEAM_FAST,DRILL_PECK,40,15/15/15,SHAYMIN,HIDDEN_POWER_FIGHTING_FAST,ENERGY_BALL,1.5104825467740617,659952,15.76334336258009,2.3174222
YANMEGA,WING_ATTACK_FAST,AERIAL_ACE,40,15/15/15,SHAYMIN,HIDDEN_POWER_FIGHTING_FAST,ENERGY_BALL,1.5168465358176604,691801,12.580040957994276,2.327186
LUGIA_SHADOW_FORM,DRAGON_TAIL_FAST,SKY_ATTACK,40,15/15/15,SHAYMIN,HIDDEN_POWER_FIGHTING_FAST,ENERGY_BALL,1.5213413743890731,695556,10.944675466921149,2.3340821
DRAGONITE,DRAGON_TAIL_FAST,HURRICANE,40,15/15/15,SHAYMIN,HIDDEN_POWER_FIGHTING_FAST,ENERGY_BALL,1.5261842711088793,697770,10.889274063702514,2.3415122
SCYTHER_SHADOW_FORM,FURY_CUTTER_FAST,AERIAL_ACE,40,15/15/15,SHAYMIN,HIDDEN_POWER_FIGHTING_FAST,ENERGY_BALL,1.5291847409222004,669195,15.534515002100786,2.3461156
DRAGONITE_SHADOW_FORM,STEEL_WING_FAST,HURRICANE,40,15/15/15,SHAYMIN,HIDDEN_POWER_FIGHTING_FAST,ENERGY_BALL,1.560705903639776,712482,13.147980715626819,2.3944762
STARAPTOR,QUICK_ATTACK_FAST,BRAVE_BIRD,40,15/15/15,SHAYMIN,HIDDEN_POWER_FIGHTING_FAST,ENERGY_BALL,1.5637747466736331,682329,23.297638876970733,2.3991845
LUGIA,EXTRASENSORY_FAST,AEROBLAST,40,15/15/15,SHAYMIN,HIDDEN_POWER_FIGHTING_FAST,ENERGY_BALL,1.5738190269702046,719549,9.7210617046744,2.4145947
TOGEKISS,AIR_SLASH_FAST,AERIAL_ACE,40,15/15/15,SHAYMIN,HIDDEN_POWER_FIGHTING_FAST,ENERGY_BALL,1.6081457078303438,719791,14.748968727074919,2.4672596
YANMEGA,BUG_BITE_FAST,AERIAL_ACE,40,15/15/15,SHAYMIN,HIDDEN_POWER_FIGHTING_FAST,ENERGY_BALL,1.6167068954099606,737459,13.443542548747207,2.4803944
DRAGONITE,DRAGON_BREATH_FAST,HURRICANE,40,15/15/15,SHAYMIN,HIDDEN_POWER_FIGHTING_FAST,ENERGY_BALL,1.6311795964402647,745774,11.666734760343374,2.5025988
YVELTAL,SNARL_FAST,HURRICANE,40,15/15/15,SHAYMIN,HIDDEN_POWER_FIGHTING_FAST,ENERGY_BALL,1.6320092653861256,715585,15.977016676806429,2.5038717
TOGEKISS,HIDDEN_POWER_FLYING_FAST,AERIAL_ACE,40,15/15/15,SHAYMIN,HIDDEN_POWER_FIGHTING_FAST,ENERGY_BALL,1.6390069288339713,732505,15.053551724184452,2.5146077
CROBAT_SHADOW_FORM,AIR_SLASH_FAST,AIR_CUTTER,40,15/15/15,SHAYMIN,HIDDEN_POWER_FIGHTING_FAST,ENERGY_BALL,1.646146422718316,740501,14.887560575209484,2.5255613
LUGIA,EXTRASENSORY_FAST,SKY_ATTACK,40,15/15/15,SHAYMIN,HIDDEN_POWER_FIGHTING_FAST,ENERGY_BALL,1.6608207237210884,759326,10.280353578261114,2.548075
LUGIA,DRAGON_TAIL_FAST,AEROBLAST,40,15/15/15,SHAYMIN,HIDDEN_POWER_FIGHTING_FAST,ENERGY_BALL,1.7169791238111924,785001,10.651862543212586,2.6342347
YVELTAL,SUCKER_PUNCH_FAST,HURRICANE,40,15/15/15,SHAYMIN,HIDDEN_POWER_FIGHTING_FAST,ENERGY_BALL,1.7313112979935685,758380,17.00641067749705,2.6562235
LUGIA,DRAGON_TAIL_FAST,SKY_ATTACK,40,15/15/15,SHAYMIN,HIDDEN_POWER_FIGHTING_FAST,ENERGY_BALL,1.7857812901668229,816458,11.052689806015156,2.7397928
SCYTHER_SHADOW_FORM,STEEL_WING_FAST,AERIAL_ACE,40,15/15/15,SHAYMIN,HIDDEN_POWER_FIGHTING_FAST,ENERGY_BALL,1.7941393786471151,784262,18.237171841111753,2.752616
UNFEZANT,STEEL_WING_FAST,SKY_ATTACK,40,15/15/15,SHAYMIN,HIDDEN_POWER_FIGHTING_FAST,ENERGY_BALL,1.7993459765781636,785271,27.369812867893852,2.7606041
DRAGONITE,STEEL_WING_FAST,HURRICANE,40,15/15/15,SHAYMIN,HIDDEN_POWER_FIGHTING_FAST,ENERGY_BALL,1.799690189140273,822817,12.867759862608198,2.7611322
RAYQUAZA,SPLASH_FAST,AERIAL_ACE,40,15/15/15,SHAYMIN,HIDDEN_POWER_FIGHTING_FAST,ENERGY_BALL,1.8068431099868965,826087,14.54082829203339,2.7721064
TOGEKISS,HIDDEN_POWER_POISON_FAST,AERIAL_ACE,40,15/15/15,SHAYMIN,HIDDEN_POWER_FIGHTING_FAST,ENERGY_BALL,1.8086827341779546,810234,16.59678446498062,2.7749288
TOGEKISS,HIDDEN_POWER_ICE_FAST,AERIAL_ACE,40,15/15/15,SHAYMIN,HIDDEN_POWER_FIGHTING_FAST,ENERGY_BALL,1.8086827341779546,810234,16.59678446498062,2.7749288
TOGEKISS,HIDDEN_POWER_FIRE_FAST,AERIAL_ACE,40,15/15/15,SHAYMIN,HIDDEN_POWER_FIGHTING_FAST,ENERGY_BALL,1.8086827341779546,810234,16.59678446498062,2.7749288
TOGEKISS,HIDDEN_POWER_BUG_FAST,AERIAL_ACE,40,15/15/15,SHAYMIN,HIDDEN_POWER_FIGHTING_FAST,ENERGY_BALL,1.8086827341779546,810234,16.59678446498062,2.7749288
BRAVIARY,STEEL_WING_FAST,BRAVE_BIRD,40,15/15/15,SHAYMIN,HIDDEN_POWER_FIGHTING_FAST,ENERGY_BALL,1.85727113025822,809801,23.44166203870482,2.8494744
TORNADUS,BITE_FAST,HURRICANE,40,15/15/15,SHAYMIN,HIDDEN_POWER_FIGHTING_FAST,ENERGY_BALL,1.8869043708281905,822648,23.037173554748346,2.8949385
TOGEKISS,CHARM_FAST,AERIAL_ACE,40,15/15/15,SHAYMIN,HIDDEN_POWER_FIGHTING_FAST,ENERGY_BALL,1.9506473751201259,873446,17.857061689225194,2.9927347
TOGEKISS,HIDDEN_POWER_FAST,AERIAL_ACE,40,15/15/15,SHAYMIN,HIDDEN_POWER_FIGHTING_FAST,ENERGY_BALL,1.9556175020844382,875665,17.973691018602167,3.00036
TORNADUS_THERIAN_FORM,ASTONISH_FAST,HURRICANE,40,15/15/15,SHAYMIN,HIDDEN_POWER_FIGHTING_FAST,ENERGY_BALL,2.0198135034047127,880636,23.103790676864737,3.0988512
CROBAT_SHADOW_FORM,BITE_FAST,AIR_CUTTER,40,15/15/15,SHAYMIN,HIDDEN_POWER_FIGHTING_FAST,ENERGY_BALL,2.263489273812522,1018335,20.425299842737935,3.472705
